date,portfolio_ret,benchmark_ret,realized_alpha,top_k,stocks,test_year,strategy_equity,benchmark_equity
2018-01-02,0.03586049199243657,0.013863965563603031,0.02199652642883354,5,"1101.TW,2887.TW,2886.TW,1102.TW,2412.TW",2018,1.0358604919924366,1.013863965563603
2018-01-09,-0.011096781629873709,0.006539668161630541,-0.01763644979150425,5,"5880.TW,2412.TW,2880.TW,2884.TW,4904.TW",2018,1.024365774313783,1.0204942994594237
2018-01-16,-0.0026555998180198825,0.03957472980937049,-0.04223032962739037,5,"2887.TW,2892.TW,2880.TW,5880.TW,2412.TW",2018,1.0216454687499297,1.0608800856325333
2018-01-23,-0.01796819013741857,-0.01617277867250766,-0.001795411464910912,5,"2887.TW,5880.TW,2892.TW,2395.TW,3008.TW",2018,1.0032883487143989,1.0437227068095274
2018-01-30,-0.037159379230513157,-0.03613751857873937,-0.0010218606517737872,5,"4904.TW,2892.TW,2357.TW,2887.TW,2883.TW",2018,0.9660067764869652,1.006005158101146
2018-02-06,-0.010135077210538967,0.001843798177777467,-0.011978875388316435,5,"3008.TW,1590.TW,2327.TW,6669.TW,2345.TW",2018,0.9562162232213659,1.0078600285784876
2018-02-21,-0.0004002509066742821,-0.007975610027672886,0.007575359120998604,5,"2327.TW,2330.TW,2881.TW,2207.TW,2882.TW",2018,0.9558334968110449,0.9998217300280663
2018-03-01,0.021018254404866266,0.02535598996917665,-0.004337735564310385,5,"3037.TW,6669.TW,2891.TW,9910.TW,1301.TW",2018,0.9759234484157123,1.0251731997856228
2018-03-08,0.028986777968100785,0.013268757344246485,0.0157180206238543,5,"1590.TW,3008.TW,3034.TW,3231.TW,3017.TW",2018,1.0042123247288017,1.038775974209403
2018-03-15,-0.03578378166145202,-0.02559525394992357,-0.01018852771152845,5,"3008.TW,1590.TW,5876.TW,2880.TW,1101.TW",2018,0.9682778101589672,1.012188239352434
2018-03-22,0.007375344225824421,0.009774233889929818,-0.002398889664105397,5,"2303.TW,2880.TW,2412.TW,1303.TW,2609.TW",2018,0.9754191923151171,1.0220816039445009
2018-03-29,0.003251895762217627,0.003024803331935999,0.00022709243028162795,5,"2303.TW,4904.TW,5871.TW,2892.TW,3008.TW",2018,0.9785911538529923,1.0251731997856226
2018-04-10,-0.016275396374463624,-0.01568144435103569,-0.000593952023427935,5,"2345.TW,2880.TW,3045.TW,2892.TW,2412.TW",2018,0.9626641949354912,1.009097003303011
2018-04-17,-0.051266656665706845,-0.028799450788166925,-0.02246720587753992,5,"2345.TW,2884.TW,4904.TW,2880.TW,2408.TW",2018,0.9133116201693643,0.9800355638158993
2018-04-24,0.0679972915121394,-0.0025234752983662734,0.07052076681050568,5,"2345.TW,2892.TW,5876.TW,3008.TW,1102.TW",2018,0.9754143366474449,0.9775624682790894
2018-05-02,-0.00936099513309907,0.02087285805706296,-0.03023385319016203,5,"2880.TW,2884.TW,1102.TW,2886.TW,5876.TW",2018,0.9662834877893332,0.997966990921391
2018-05-09,0.0016035264169067531,0.015489389682795007,-0.013885863265888254,5,"2345.TW,5876.TW,2884.TW,2379.TW,2883.TW",2018,0.9678329488882241,1.0134248905343388
2018-05-16,0.03630597083648612,-0.007321475246944598,0.04362744608343072,5,"2345.TW,5880.TW,2884.TW,2885.TW,2887.TW",2018,1.0029710637051503,1.0060051252836542
2018-05-23,-0.01605528442878401,-0.006760837550922938,-0.009294446877861073,5,"5880.TW,2884.TW,2891.TW,2887.TW,1303.TW",2018,0.986868078003524,0.9992036880562155
2018-05-30,0.03207112180240834,0.03341585976131989,-0.001344737958911546,5,"2345.TW,5880.TW,3034.TW,2303.TW,2308.TW",2018,1.0185180443360837,1.0325929383692956
2018-06-06,-0.019711265663279187,-0.011976150711731526,-0.007735114951547661,5,"5880.TW,2002.TW,2887.TW,2884.TW,2891.TW",2018,0.9984417645813316,1.0202264497155151
2018-06-13,-0.06125109430127795,-0.02060619192797153,-0.040644902373306424,5,"2345.TW,1590.TW,5880.TW,2884.TW,3045.TW",2018,0.9372861139046261,0.9992034676826842
2018-06-21,0.009161091089442408,-0.006188046433359795,0.015349137522802203,5,"1590.TW,2327.TW,2303.TW,3045.TW,2882.TW",2018,0.9458726773709759,0.9930203502282896
2018-06-28,-0.03675984018346168,0.00996269882086942,-0.0467225390043311,5,"1590.TW,2303.TW,4904.TW,3017.TW,3045.TW",2018,0.9111025489169158,1.0029135129006084
2018-07-05,0.0028273887934877617,0.023427751013112452,-0.02060036221962469,5,"1590.TW,2412.TW,1301.TW,1303.TW,2303.TW",2018,0.9136785900534417,1.0264095209685298
2018-07-12,-0.0194989191198508,0.012048420922980085,-0.031547340042830885,5,"1590.TW,1216.TW,2912.TW,2883.TW,1303.TW",2018,0.8958628451244502,1.038776134916513
2018-07-19,0.024724159680560298,0.021542462357802883,0.0031816973227574152,5,"1590.TW,5876.TW,2615.TW,2002.TW,2884.TW",2018,0.9180123011591882,1.061153930701136
2018-07-26,-0.0025966285147696055,0.003525443584061483,-0.006122072098831088,5,"5880.TW,2884.TW,2002.TW,2883.TW,2886.TW",2018,0.915628564241089,1.064894969017828
2018-08-02,-0.04404903921784997,0.0035126836336154543,-0.04756172285146543,5,"2327.TW,6669.TW,5880.TW,1590.TW,2002.TW",2018,0.8752960057058495,1.0686356081470163
2018-08-09,-0.02142457125316266,-0.020419977284131585,-0.0010045939690310757,5,"6669.TW,1590.TW,2327.TW,5880.TW,2892.TW",2018,0.8565431640639959,1.04681409330364
2018-08-16,-0.0149061373185283,0.01250745774860218,-0.02741359506713048,5,"6669.TW,1590.TW,2880.TW,2454.TW,2884.TW",2018,0.8437754140412113,1.0599070763462766
2018-08-23,0.013569502367650532,0.02352945861531497,-0.009959956247664437,5,"2327.TW,2880.TW,5880.TW,2884.TW,2892.TW",2018,0.8552250265198088,1.0848461160352458
2018-08-30,-0.04893561659006096,-0.009195204517827182,-0.03974041207223378,5,"2885.TW,2327.TW,2880.TW,2379.TW,2884.TW",2018,0.8133740625238107,1.0748707341279313
2018-09-06,-0.052482626942710886,-0.005220580621701831,-0.047262046321009055,5,"2327.TW,1590.TW,2345.TW,3037.TW,5880.TW",2018,0.7706860550354964,1.0692592848025086
2018-09-13,0.016897759022502346,0.005830727641576772,0.011067031380925574,5,"6669.TW,2327.TW,3045.TW,2880.TW,4904.TW",2018,0.7837089222754892,1.0754938444704192
2018-09-20,-0.02961544736824595,0.0075364095497256756,-0.037151856917971626,5,"6669.TW,2327.TW,2880.TW,2345.TW,2408.TW",2018,0.7604990319358147,1.0835992065505573
2018-09-28,-0.10560290450676613,-0.0454546798130675,-0.060148224693698626,5,"2327.TW,2886.TW,3008.TW,2880.TW,6669.TW",2018,0.6801881252888088,1.0343445515711078
2018-10-05,0.0220996562928093,-0.04761894078594453,0.06971859707875383,5,"1590.TW,6669.TW,2327.TW,3008.TW,2408.TW",2018,0.6952200490721417,0.9850901596175788
2018-10-15,-0.0005784586500272582,-0.011392295694622412,0.010813837044595154,5,"1590.TW,2327.TW,2345.TW,1102.TW,3037.TW",2018,0.6948178930210835,0.9738677212333526
2018-10-22,-0.0888908033560536,-0.02944938403487951,-0.05944141932117408,5,"6669.TW,2327.TW,3037.TW,5876.TW,2408.TW",2018,0.6330549723242789,0.9451879167115786
2018-10-29,0.12673017369219353,0.03496045079428556,0.09176972289790797,5,"2327.TW,6669.TW,3037.TW,2408.TW,2345.TW",2018,0.7132821389236415,0.9782321123651271
2018-11-05,-0.031982989874906664,-0.029318049262365475,-0.002664940612541189,5,"6669.TW,9910.TW,2303.TW,2327.TW,2408.TW",2018,0.6904692434964949,0.9495522551047785
2018-11-12,0.025188567854718125,0.0032827946487887782,0.021905773205929346,5,"2327.TW,2609.TW,3008.TW,5876.TW,9910.TW",2018,0.7078611748879022,0.9526694401665817
2018-11-19,-0.013209612953602012,-0.00588995515780788,-0.007319657795794132,5,"2327.TW,9910.TW,2885.TW,2881.TW,3034.TW",2018,0.698510602742751,0.9470582598837867
2018-11-26,0.1457538416382005,0.033574581103954504,0.11217926053424598,5,"2379.TW,2327.TW,2408.TW,2454.TW,6669.TW",2018,0.8003212065175219,0.9788553442404249
2018-12-03,-0.03419808629407051,-0.05095510145134252,0.016757015157272015,5,"2885.TW,2618.TW,5880.TW,2382.TW,3231.TW",2018,0.772951752834061,0.9289776708684652
2018-12-10,0.010125413613721435,0.013422647731220927,-0.0032972341174994924,5,"2327.TW,2408.TW,3008.TW,2345.TW,2618.TW",2018,0.7807782090349569,0.9414470108947026
2018-12-17,-0.012498018780207842,-0.017880767953997845,0.005382749173790002,5,"2327.TW,2408.TW,3008.TW,3034.TW,3711.TW",2018,0.771020028315261,0.9246132153519095
2018-12-24,-0.02735734213488017,-0.004720362482877882,-0.022636979652002287,5,"2327.TW,3008.TW,3711.TW,2379.TW,3034.TW",2018,0.7499269696077954,0.9202487058189893
2019-01-02,0.026517156388409235,0.013550365878841841,0.012966790509567394,5,"5876.TW,2207.TW,2382.TW,2912.TW,2603.TW",2019,0.7698129003407711,0.9327184124823673
2019-01-09,0.018356025515031682,0.01069481307627096,0.007661212438760723,5,"2382.TW,2345.TW,3037.TW,2002.TW,2412.TW",2019,0.7839436055812269,0.9426936615566625
2019-01-16,-0.0018139192404569293,0.008495616397286021,-0.01030953563774295,5,"2382.TW,2002.TW,3017.TW,3037.TW,5876.TW",2019,0.7825215951916299,0.9507024252854008
2019-01-23,0.012603164480476048,0.018931744700523723,-0.006328580220047675,5,"2308.TW,2885.TW,5876.TW,9910.TW,2002.TW",2019,0.7923838435653545,0.9687008808870727
2019-01-30,0.002420827426759642,0.0019907666098819554,0.0004300608168776865,5,"3008.TW,2885.TW,2002.TW,2308.TW,5871.TW",2019,0.7943020681063787,0.970629338255706
2019-02-15,0.03020196617938975,0.024503168744120174,0.005698797435269576,5,"5876.TW,3008.TW,6669.TW,2345.TW,2308.TW",2019,0.8182915523035469,0.9944128327189792
2019-02-22,-0.008509322935209784,-0.006464050927713183,-0.0020452720074966013,5,"5880.TW,1590.TW,3034.TW,3231.TW,2408.TW",2019,0.8113284452298419,0.9879848975251122
2019-03-05,-0.02422178212798276,0.0026026707295023765,-0.026824452857485137,5,"2327.TW,2379.TW,3034.TW,1590.TW,3231.TW",2019,0.7916766243952497,0.9905562968990912
2019-03-12,0.036935376937749176,0.016871895776870982,0.020063481160878194,5,"3017.TW,2327.TW,2884.TW,3008.TW,3037.TW",2019,0.8209174989300931,1.007268859501496
2019-03-19,0.012543384862548024,0.0012763047360380142,0.01126708012651001,5,"2880.TW,2884.TW,2454.TW,3017.TW,5880.TW",2019,0.8312145830595736,1.0085544415173413
2019-03-26,0.026476331283411092,0.02485677777716422,0.0016195535062468736,5,"2884.TW,3037.TW,2207.TW,2395.TW,6669.TW",2019,0.8532220957282614,1.0336238551463097
2019-04-02,0.02423854069817355,0.00932841308814325,0.0149101276100303,5,"2884.TW,1101.TW,2207.TW,9910.TW,3231.TW",2019,0.8739029542201517,1.0432659254448737
2019-04-11,0.013493005005952297,0.025877759190972904,-0.012384754185020608,5,"2317.TW,2884.TW,2345.TW,3231.TW,1101.TW",2019,0.8856945311561607,1.0702633098356837
2019-04-18,-0.021905490863795674,-0.0054052958978864085,-0.016500194965909265,5,"3037.TW,2317.TW,3231.TW,1102.TW,5880.TW",2019,0.8662929576958056,1.0644782199573706
2019-04-25,-0.028402945005082558,-0.0024155062594409804,-0.025987438745641578,5,"2317.TW,3037.TW,2884.TW,2330.TW,3231.TW",2019,0.8416876864600813,1.061906966154025
2019-05-03,-0.014046254962154836,-0.01815972430486812,0.004113469342713283,5,"5880.TW,2886.TW,2892.TW,2880.TW,2884.TW",2019,0.8298651266175567,1.042623028411249
2019-05-10,-0.03440324026502706,-0.03205913691520357,-0.0023441033498234898,5,"9910.TW,3017.TW,2884.TW,2880.TW,3711.TW",2019,0.8013150772789658,1.0091974339924685
2019-05-17,-0.07459710697092359,-0.012738972547207461,-0.06185813442371613,5,"2303.TW,3017.TW,3037.TW,3034.TW,1590.TW",2019,0.7415392907417728,0.9963412955861263
2019-05-24,0.017585918910052678,0.009032261893369364,0.008553657016683314,5,"3017.TW,3037.TW,2884.TW,2886.TW,1102.TW",2019,0.7545799405773757,1.0053405111030391
2019-05-31,0.018490089421370648,0.012787718543652238,0.00570237087771841,5,"6669.TW,2615.TW,2884.TW,2880.TW,2892.TW",2019,0.7685321911542239,1.0181965225995562
2019-06-10,-0.034217911498647946,-0.005050462771551634,-0.029167448727096312,5,"2880.TW,1102.TW,5876.TW,2884.TW,2412.TW",2019,0.7422346246534467,1.0130541589680437
2019-06-17,0.019811812624783043,0.029822198309273906,-0.010010385684490863,5,"6669.TW,2207.TW,5876.TW,2615.TW,3045.TW",2019,0.756939637960707,1.0432656609948234
2019-06-24,-0.0026347614377714157,0.01848439718232653,-0.021119158620097944,5,"1101.TW,3045.TW,2885.TW,2454.TW,2382.TW",2019,0.7549452825918874,1.0625497978393341
2019-07-01,-0.012644343998250318,-0.010889250179416665,-0.001755093818833653,5,"1101.TW,1301.TW,6669.TW,2881.TW,3231.TW",2019,0.7453994947389393,1.050979427262573
2019-07-08,0.016337289325440763,0.01773673750112792,-0.0013994481756871568,5,"3037.TW,1590.TW,1101.TW,3017.TW,3034.TW",2019,0.7575773019475267,1.069620373483015
2019-07-15,0.01987061981644267,0.013385570053038087,0.006485049763404582,5,"1590.TW,3017.TW,2603.TW,2345.TW,2887.TW",2019,0.7726308324960924,1.0839378519224285
2019-07-22,0.016030162256789993,1.1462414084562056e-07,0.016030047632649147,5,"2609.TW,2887.TW,2615.TW,5871.TW,2880.TW",2019,0.7850162301056035,1.0839379761678736
2019-07-29,-0.04621825032295679,-0.059210548072917146,0.012992297749960358,5,"2880.TW,2609.TW,2886.TW,2884.TW,2892.TW",2019,0.7487341534749988,1.0197574145219253
2019-08-05,0.10053140377982661,0.02606479580659493,0.07446660797323168,5,"2408.TW,3037.TW,3034.TW,3711.TW,6669.TW",2019,0.8240054489817407,1.0463371833037005
2019-08-13,-0.0366401185985783,0.0030978676036637065,-0.039737986202242004,5,"3008.TW,3037.TW,2615.TW,2603.TW,3711.TW",2019,0.793813791605175,1.0495785973663658
2019-08-20,0.0044746857744955015,-0.010500502043819693,0.014975187818315194,5,"2615.TW,3017.TW,2345.TW,6669.TW,2408.TW",2019,0.7973658588860689,1.0385574951595709
2019-08-27,0.020705507971669812,0.01685423993797408,0.0038512680336957317,5,"2454.TW,2345.TW,3231.TW,2885.TW,6669.TW",2019,0.8138757240335718,1.0560615923723715
2019-09-03,0.06887817400608043,0.03253517237328318,0.036343001632797245,5,"2345.TW,3017.TW,1590.TW,2454.TW,3037.TW",2019,0.8699339977728808,1.0904207383170106
2019-09-11,-0.0025024799621917726,0.006539957252906126,-0.009042437215097898,5,"2454.TW,5880.TW,3231.TW,2412.TW,1101.TW",2019,0.8677570053750248,1.0975520433332862
2019-09-19,-0.018003456597715517,0.0029531201610204505,-0.020956576758735967,5,"2880.TW,2412.TW,3045.TW,5880.TW,2892.TW",2019,0.852134379791392,1.1007932464002228
2019-09-26,0.017901411387861277,0.005889487413270222,0.012011923974591054,5,"2880.TW,3037.TW,2327.TW,2454.TW,2408.TW",2019,0.8673887878817776,1.1072763543695099
2019-10-04,0.02440426628388659,0.030444909947539456,-0.006040643663652867,5,"1590.TW,3008.TW,3037.TW,2330.TW,2408.TW",2019,0.8885567748329022,1.1409872832653294
2019-10-15,0.0030383443384831565,0.007954394565785616,-0.00491605022730246,5,"3008.TW,2408.TW,2379.TW,3231.TW,2207.TW",2019,0.8912565162791366,1.1500631463109656
2019-10-22,0.009741854940842343,0.008455348415917774,0.0012865065249245689,5,"2327.TW,3711.TW,2207.TW,3231.TW,2618.TW",2019,0.8999390079758084,1.1597873309133315
2019-10-29,-0.004569223583309245,0.0391280698190446,-0.04369729340235384,5,"2327.TW,2330.TW,2345.TW,3711.TW,3037.TW",2019,0.8958269854370254,1.2051675705725517
2019-11-05,-0.00578134385177731,-0.015061878483840108,0.009280534632062798,5,"2327.TW,2880.TW,6669.TW,2887.TW,2884.TW",2019,0.8906479016025128,1.1870154830719233
2019-11-12,0.004050478436214755,0.02239227839035096,-0.018341799954136206,5,"2892.TW,5871.TW,2395.TW,2885.TW,3045.TW",2019,0.8942554517222138,1.2135954642225266
2019-11-19,0.005701775686888677,-0.008012727504374761,0.013714503191263439,5,"6669.TW,3034.TW,2207.TW,2886.TW,3231.TW",2019,0.8993542957147111,1.2038712544671664
2019-11-26,-0.010320345860331592,-0.010770241077134424,0.0004498952168028314,5,"2317.TW,2357.TW,2382.TW,1102.TW,2330.TW",2019,0.8900726483319604,1.1909052708307228
2019-12-03,0.024295050731776513,0.012520514883283207,0.011774535848493306,5,"3034.TW,2357.TW,6669.TW,2892.TW,1102.TW",2019,0.911697008478152,1.2058160179987394
2019-12-10,0.019616158671186712,0.053763476673574395,-0.03414731800238768,5,"2327.TW,2357.TW,1102.TW,3231.TW,2207.TW",2019,0.9295810016565057,1.270644879355037
2019-12-17,-0.00808652450193692,-0.008163473621204398,7.69491192674776e-05,5,"1101.TW,2327.TW,1102.TW,2892.TW,3034.TW",2019,0.9220639221100753,1.2602720034005037
2019-12-24,-0.00037184573066539883,-0.0015429509719342427,0.0011711052412688439,5,"2303.TW,3008.TW,1101.TW,2892.TW,3711.TW",2019,0.921721056577238,1.2583274654879555
2019-12-31,-0.03452581222608497,-0.007728073077277853,-0.02679773914880712,5,"2408.TW,3008.TW,1101.TW,2303.TW,3711.TW",2019,0.8898978884530236,1.2486030188795187
2020-01-02,-0.03418413261965492,-0.008138374695277228,-0.026045757924377688,5,"3008.TW,1101.TW,3711.TW,2408.TW,2454.TW",2020,0.8594775010161946,1.238441419666223
2020-01-09,0.015503672666429713,0.0020512507512020495,0.013452421915227664,5,"2408.TW,2207.TW,2327.TW,1102.TW,1101.TW",2020,0.8728025588561107,1.240981773558633
2020-01-16,-0.08378458033283132,0.024566978588761446,-0.10835155892159276,5,"2884.TW,1101.TW,6669.TW,2886.TW,2327.TW",2020,0.7996751627489301,1.2714689462186912
2020-02-03,0.009101473790862347,-0.057761664336213214,0.06686313812707556,5,"3037.TW,3017.TW,1590.TW,6669.TW,2379.TW",2020,0.8069533852838932,1.1980267837332885
2020-02-10,0.0431139485292964,0.000547230357264672,0.042566718172031726,5,"1590.TW,6669.TW,2327.TW,3034.TW,2395.TW",2020,0.8417443320025644,1.1986823803581634
2020-02-17,-0.028191478578649565,-0.020787728706913255,-0.007403749871736309,5,"1590.TW,3037.TW,2886.TW,2379.TW,2891.TW",2020,0.8180143146982144,1.1737644962295208
2020-02-24,-0.03419268625434191,-0.007821052321966837,-0.02637163393237507,5,"1590.TW,2345.TW,2379.TW,3037.TW,2207.TW",2020,0.7900442078841778,1.1645844226908426
2020-03-03,-0.034574396330673496,-0.026464082340088235,-0.00811031399058526,5,"6669.TW,2327.TW,1590.TW,2207.TW,3037.TW",2020,0.7627289063220373,1.1337647646367681
2020-03-10,-0.2728775453497252,-0.13302484062360942,-0.13985270472611577,5,"3037.TW,2207.TW,2327.TW,2395.TW,2609.TW",2020,0.5545973145975992,0.982945887516298
2020-03-17,0.042635897462879324,0.024682944339053048,0.017952953123826276,5,"2327.TW,3037.TW,2207.TW,3017.TW,2408.TW",2020,0.5782430688359707,1.0072078861461637
2020-03-24,0.02208883146248497,-0.0039060580801997258,0.025994889542684696,5,"2345.TW,3017.TW,2609.TW,2912.TW,2603.TW",2020,0.5910157825278385,1.0032736736440417
2020-03-31,0.1261268723024478,0.03267968600694271,0.09344718629550508,5,"2327.TW,2454.TW,2408.TW,5871.TW,2618.TW",2020,0.6655587546594585,1.036060342277761
2020-04-09,0.018091634756211006,0.0506327619276965,-0.032541127171485495,5,"3008.TW,6669.TW,3231.TW,2454.TW,2382.TW",2020,0.6775998005575561,1.0885189389310386
2020-04-16,-0.015132949666546769,-0.026505792168460718,0.011372842501913949,5,"2207.TW,1590.TW,3231.TW,2379.TW,2327.TW",2020,0.6673457168816564,1.0596668821642992
2020-04-23,0.06851650255522856,0.019802029149352807,0.04871447340587576,5,"2207.TW,1590.TW,2379.TW,2408.TW,2618.TW",2020,0.7130699113975993,1.0806504366535203
2020-04-30,0.026284399783964796,0.03155311231244973,-0.005268712528484931,5,"2408.TW,2615.TW,3017.TW,2327.TW,2308.TW",2020,0.7318125260226902,1.1147483212517466
2020-05-08,-0.05745783424411777,-0.022941063079014334,-0.03451677116510343,5,"3017.TW,9910.TW,2345.TW,2609.TW,2327.TW",2020,0.6897641632047093,1.089174809696685
2020-05-15,0.04999912401405693,0.0012041569401726182,0.04879496707388431,5,"3017.TW,9910.TW,2327.TW,2345.TW,2609.TW",2020,0.7242517671412338,1.0904863471028423
2020-05-22,0.003420685791235556,0.01563424605617869,-0.012213560264943135,5,"6669.TW,5871.TW,2609.TW,2454.TW,2327.TW",2020,0.7267292048703711,1.1075352789743516
2020-05-29,0.006472862598368767,0.05269397989852864,-0.046221117300159875,5,"6669.TW,1590.TW,3034.TW,3037.TW,2382.TW",2020,0.7314332231597188,1.1658957207015372
2020-06-05,-0.008476157854306554,-0.008998967233475041,0.0005228093791684874,5,"1590.TW,6669.TW,2382.TW,9910.TW,5880.TW",2020,0.7252334797003328,1.1554038633132953
2020-06-12,0.028576166333674324,0.008513222129581832,0.020062944204092492,5,"2454.TW,9910.TW,2618.TW,2609.TW,2379.TW",2020,0.7459578722469989,1.1652400730510584
2020-06-19,0.009852172568087791,0.012380312111929692,-0.0025281395438419008,5,"2207.TW,3008.TW,3037.TW,9910.TW,2885.TW",2020,0.7533071779328999,1.1796661088407583
2020-06-30,0.03602874082244689,0.05058372940673439,-0.014554988584287498,5,"2308.TW,2207.TW,3231.TW,3711.TW,2327.TW",2020,0.7804478870063333,1.2393380200806545
2020-07-07,-0.008750544347653322,0.029629492461824114,-0.038380036809477436,5,"3231.TW,5871.TW,2207.TW,2317.TW,2885.TW",2020,0.7736185431600521,1.2760589766042862
2020-07-14,0.006867751131842237,0.02020546295992176,-0.013337711828079524,5,"3037.TW,3045.TW,2379.TW,2382.TW,3034.TW",2020,0.7789315627854536,1.3018423389907399
2020-07-21,-0.018441307108060134,0.04312536485139118,-0.06156667195945131,5,"3034.TW,2884.TW,2382.TW,2317.TW,2207.TW",2020,0.7645670466199659,1.357984764838704
2020-07-28,0.07463358636348594,0.012645869099293439,0.0619877172641925,5,"3034.TW,2379.TW,2345.TW,2395.TW,3017.TW",2020,0.8216294273245525,1.375157662413689
2020-08-04,-0.020627379133769885,-0.0009605354174948566,-0.01966684371627503,5,"3017.TW,2884.TW,2330.TW,3034.TW,2308.TW",2020,0.8046813656196667,1.3738367747743012
2020-08-11,0.004930268254675463,0.009615208747784543,-0.00468494049310908,5,"2303.TW,2330.TW,2454.TW,2345.TW,3231.TW",2020,0.8086486606117103,1.3870465021491392
2020-08-18,-0.03411261379179786,-0.009523701167479803,-0.02458891262431806,5,"2303.TW,2454.TW,3034.TW,2330.TW,1590.TW",2020,0.7810635411590083,1.3738366857572726
2020-08-25,-0.0281774731237604,-0.0033654800218725356,-0.024811993101887864,5,"3037.TW,2357.TW,3034.TW,1101.TW,2395.TW",2020,0.7590551442200513,1.3692130658380408
2020-09-01,-0.03694233961934834,-0.018330740250406263,-0.018611599368942078,5,"2603.TW,2615.TW,3037.TW,3017.TW,9910.TW",2020,0.7310138712924606,1.3441143767807013
2020-09-08,-0.01382266297503032,0.04717429489765457,-0.06099695787268489,5,"3017.TW,2603.TW,2345.TW,3037.TW,2609.TW",2020,0.7209093129195128,1.4075220247671314
2020-09-15,-0.016109105575469074,-0.0286251333259816,0.012516027750512526,5,"2609.TW,3017.TW,2603.TW,2002.TW,2615.TW",2020,0.7092961086873535,1.3672315191489166
2020-09-22,-0.023240174673847536,-0.007246353916538939,-0.015993820757308597,5,"2609.TW,2303.TW,2603.TW,6669.TW,1590.TW",2020,0.692811943225979,1.3573240756753164
2020-09-29,0.049350394953421306,0.03844299442804866,0.010907400525372646,5,"1590.TW,3008.TW,2603.TW,2002.TW,2303.TW",2020,0.7270024862526284,1.409503677553559
2020-10-08,-0.020580027575637483,-0.009840790639664143,-0.01073923693597334,5,"3017.TW,2207.TW,2379.TW,2327.TW,2308.TW",2020,0.7120407550379924,1.3956330469569178
2020-10-16,0.02179899524829554,0.004259317699892851,0.017539677548402688,5,"2303.TW,3037.TW,3034.TW,6669.TW,2408.TW",2020,0.7275625280736583,1.4015774914963768
2020-10-23,-0.04997156671192016,-0.02780390924891174,-0.022167657463008417,5,"2303.TW,2454.TW,2615.TW,3037.TW,2408.TW",2020,0.6912050886649322,1.3626081581174943
2020-10-30,0.04590530771897039,0.04459538738202662,0.0013099203369437706,5,"3037.TW,2303.TW,6669.TW,2454.TW,2615.TW",2020,0.7229350709570141,1.4233741967786537
2020-11-06,0.03782017892713019,0.024593721814098357,0.013226457113031831,5,"2603.TW,2615.TW,3017.TW,5871.TW,1590.TW",2020,0.7502766046933059,1.4583802658115936
2020-11-13,0.017915810219150563,0.03849641824394068,-0.020580608024790115,5,"3711.TW,2609.TW,6669.TW,5871.TW,1590.TW",2020,0.7637184179548598,1.514522682482986
2020-11-20,0.0211565613126119,0.0013084628591841785,0.01984809845342772,5,"2609.TW,1326.TW,2002.TW,1301.TW,2327.TW",2020,0.7798760734898927,1.516504379162407
2020-11-27,-0.01377314572404098,0.03222988706753438,-0.04600303279157536,5,"2002.TW,2609.TW,3017.TW,1326.TW,2618.TW",2020,0.7691347266830235,1.5653811440402328
2020-12-04,0.029098288647479986,0.001265940359533868,0.027832348287946118,5,"2615.TW,3017.TW,3037.TW,2603.TW,2002.TW",2020,0.7915152309688468,1.5673628232085266
2020-12-11,0.030450453199917016,-0.0033714720599301584,0.033821925259847174,5,"2615.TW,2303.TW,2408.TW,3037.TW,2002.TW",2020,0.8156172284664852,1.562078503242306
2020-12-18,-0.007431204983761486,0.006765402022796296,-0.014196607006557782,5,"2303.TW,2408.TW,3037.TW,2002.TW,2308.TW",2020,0.8095562096534633,1.572646592307908
2020-12-25,0.031251562701899216,0.04325926456261464,-0.012007701860715425,5,"2303.TW,2408.TW,2345.TW,2317.TW,2327.TW",2020,0.8348561063001604,1.6406781273080502
2021-01-04,0.04856227651001066,0.06521722879637837,-0.016654952286367708,5,"2345.TW,2303.TW,2327.TW,2395.TW,1301.TW",2021,0.8753986193803797,1.747678608117913
2021-01-11,-0.04978732753296389,0.021919918005930406,-0.0717072455388943,5,"2609.TW,2615.TW,2345.TW,2317.TW,2603.TW",2021,0.8318148615953843,1.7859875799085763
2021-01-18,-0.020599633507821014,0.0244386819556226,-0.04503831546344361,5,"2609.TW,2603.TW,2615.TW,2308.TW,2454.TW",2021,0.8146797803001605,1.8296347623506541
2021-01-25,-0.09976579258533025,-0.022500860818704504,-0.07726493176662574,5,"2609.TW,1590.TW,2603.TW,3711.TW,2308.TW",2021,0.7334026063152723,1.7884664052139385
2021-02-01,0.09285096317007047,0.060754530887575875,0.03209643228249459,5,"2609.TW,1590.TW,3037.TW,2317.TW,2603.TW",2021,0.8014997447030854,1.8971238426709005
2021-02-17,-0.028350072628460232,-0.01921023263374877,-0.009139839994711463,5,"1590.TW,6669.TW,2317.TW,2454.TW,3017.TW",2021,0.7787771687290606,1.860679652318161
2021-02-24,-0.09510691931155091,-0.0565829651776284,-0.03852395413392251,5,"2303.TW,2379.TW,3711.TW,3034.TW,2603.TW",2021,0.7047100713810677,1.7553968803443207
2021-03-04,0.06615984070612635,0.03998440115631108,0.02617543954981527,5,"3034.TW,2303.TW,2609.TW,2618.TW,3711.TW",2021,0.7513335774476421,1.825585373396545
2021-03-11,0.023989619151233876,-0.013308693333497601,0.03729831248473148,5,"2609.TW,2603.TW,3034.TW,1301.TW,3711.TW",2021,0.7693577838261451,1.8012892175078916
2021-03-18,0.006432205474274921,-0.002997206673186814,0.009429412147461735,5,"2618.TW,2609.TW,2881.TW,2883.TW,9910.TW",2021,0.7743064511749476,1.7958903814448375
2021-03-25,0.07058182643309685,0.034949144184671876,0.035632682248424974,5,"2618.TW,2615.TW,2603.TW,2357.TW,9910.TW",2021,0.8289584147178048,1.8586552133258185
2021-04-01,0.011443821366571516,-0.0025416238002026192,0.013985445166774135,5,"2357.TW,2317.TW,1101.TW,2883.TW,2882.TW",2021,0.8384448667361517,1.853931210999259
2021-04-13,0.08290443713503737,0.011649025580052985,0.07125541155498438,5,"2357.TW,2609.TW,1590.TW,1101.TW,3034.TW",2021,0.9079556664816738,1.8755277030998478
2021-04-20,0.04384096782753488,0.016552613506686686,0.027288354320848196,5,"1590.TW,1101.TW,1102.TW,2883.TW,3034.TW",2021,0.9477613216447248,1.9065725882903435
2021-04-27,-0.054631052574424466,-0.0350441572236031,-0.019586895350821365,5,"2002.TW,3034.TW,2408.TW,1303.TW,2615.TW",2021,0.8959841230539458,1.8397583587480848
2021-05-05,-0.12852720758083902,-0.07373447962128954,-0.05479272795954948,5,"2615.TW,3034.TW,1590.TW,2618.TW,2603.TW",2021,0.7808257856810553,1.704104733536877
2021-05-12,0.0724839435710205,0.04039605062391605,0.03208789294710446,5,"2002.TW,2615.TW,2609.TW,3037.TW,2454.TW",2021,0.8374231178691587,1.7729438346212878
2021-05-19,0.07007550084817082,0.01636844373563706,0.05370705711253376,5,"3037.TW,2454.TW,1590.TW,2609.TW,3034.TW",2021,0.8961059622756767,1.801964166024731
2021-05-26,0.0906816556439698,0.033333396954350114,0.05734825868961968,5,"2002.TW,2603.TW,2881.TW,1590.TW,2454.TW",2021,0.9773663345672678,1.8620297528683478
2021-06-02,-0.008888814837626269,-0.01413553455150729,0.005246719713881021,5,"3034.TW,2327.TW,2882.TW,2881.TW,1590.TW",2021,0.9686787061907699,1.8357089669607427
2021-06-09,0.05354267612950636,0.020955976321988423,0.03258669980751794,5,"2615.TW,3017.TW,2002.TW,2303.TW,2618.TW",2021,1.0205443564298915,1.874178040606434
2021-06-17,0.10390664626402901,-0.010082940274116825,0.11398958653814584,5,"2615.TW,2618.TW,9910.TW,3017.TW,6669.TW",2021,1.1265856978702034,1.8552808153599378
2021-06-24,0.09611984267881546,0.006184144508913025,0.08993569816990243,5,"2618.TW,3037.TW,2603.TW,3017.TW,2609.TW",2021,1.234872937913691,1.8667541400267376
2021-07-01,0.038420095015474276,-0.0028923764323300905,0.041312471447804366,5,"3037.TW,2618.TW,3017.TW,2327.TW,6669.TW",2021,1.2823168735203727,1.8613547843471696
2021-07-08,-0.06317899974534968,0.01377816822344502,-0.0769571679687947,5,"2615.TW,2603.TW,1590.TW,2609.TW,2618.TW",2021,1.2013013760947715,1.8870008436894192
2021-07-15,-0.11425493318042224,-0.009992457575275338,-0.1042624756051469,5,"2603.TW,2615.TW,2609.TW,3017.TW,6669.TW",2021,1.064046767639514,1.8681450678143439
2021-07-22,-0.00514584348291125,-0.010503390859152306,0.005357547376241056,5,"2609.TW,2603.TW,2615.TW,9910.TW,2002.TW",2021,1.0585713495147435,1.8485232099854922
2021-07-29,-0.032932436246976726,0.016837464254294776,-0.0497699005012715,5,"2609.TW,2603.TW,1590.TW,2395.TW,2881.TW",2021,1.0237100160339732,1.8796476534568571
2021-08-05,0.0056783439626779675,-0.016558680422723793,0.02223702438540176,5,"2615.TW,2603.TW,2609.TW,2912.TW,2395.TW",2021,1.0295229936230526,1.8485231686559425
2021-08-12,-0.05706036920359314,-0.03221079442778907,-0.024849574775804073,5,"2603.TW,2379.TW,2303.TW,2615.TW,3034.TW",2021,0.9707780315033328,1.7889807688753607
2021-08-19,0.059802892688082476,0.034039182062861384,0.025763710625221092,5,"2615.TW,2603.TW,2609.TW,3034.TW,2303.TW",2021,1.0288333659452744,1.849876210974067
2021-08-26,-9.715731709070141e-05,0.028895376403865525,-0.028992533720956226,5,"3034.TW,2345.TW,2609.TW,3711.TW,2303.TW",2021,1.0287334072557057,1.9033290803907192
2021-09-02,-0.03517331909115806,0.0003556509538558128,-0.035528970045013875,5,"2609.TW,2615.TW,2603.TW,2618.TW,5871.TW",2021,0.9925494388625665,1.9040060011936617
2021-09-09,-0.012224069188280673,-0.004264528411521029,-0.007959540776759644,5,"2615.TW,6669.TW,2609.TW,2603.TW,2887.TW",2021,0.9804164458491214,1.8958863135058648
2021-09-16,-0.014223110024225272,-0.006067040592626638,-0.008156069431598634,5,"2615.TW,2603.TW,2609.TW,5871.TW,2303.TW",2021,0.9664718748702494,1.8843838942828195
2021-09-27,-0.11056855838032453,-0.05206443968792196,-0.058504118692402574,5,"1590.TW,3037.TW,2887.TW,2303.TW,3017.TW",2021,0.8596104729507166,1.7862745026700402
2021-10-04,0.006431835982965817,0.010605767430574176,-0.004173931447608359,5,"2603.TW,2615.TW,2609.TW,1590.TW,3037.TW",2021,0.8651393465219752,1.8052193146125233
2021-10-12,0.005843401678272686,0.027361498987505284,-0.021518097309232598,5,"2603.TW,2609.TW,2615.TW,1590.TW,3017.TW",2021,0.8701947032313815,1.8546128210615187
2021-10-19,-0.012973629824760136,-0.0007299136215621616,-0.012243716203197974,5,"2609.TW,2615.TW,2603.TW,1301.TW,2345.TW",2021,0.8589051192761905,1.853259113900702
2021-10-26,0.0007331834770414325,-0.004015878920496596,0.004749062397538029,5,"2615.TW,3231.TW,2886.TW,2891.TW,5880.TW",2021,0.8595348543179901,1.84581664969097
2021-11-02,0.0546565530691161,0.031158190506826555,0.023498362562289543,5,"3017.TW,2345.TW,2327.TW,2357.TW,2379.TW",2021,0.9065140666977763,1.9033289565027136
2021-11-09,-0.026050678568636076,0.0046216101393889986,-0.030672288708025075,5,"3037.TW,1590.TW,5871.TW,2357.TW,2615.TW",2021,0.8828987601282855,1.9121254009066793
2021-11-16,0.020955293957090726,-0.0014155498785193288,0.022370843835610055,5,"3037.TW,3017.TW,6669.TW,2609.TW,2892.TW",2021,0.9014001631811247,1.909418692027712
2021-11-23,0.03027167967422839,-0.021261487403038792,0.051533167077267183,5,"2618.TW,3037.TW,2603.TW,2609.TW,2615.TW",2021,0.928687060179241,1.8688216105600381
2021-11-30,0.08655584953819928,0.03620565493332739,0.05035019460487189,5,"2618.TW,3034.TW,2345.TW,2883.TW,2603.TW",2021,1.0090703576281879,1.93648352092392
2021-12-07,-0.02281894328708267,-0.02096436767887333,-0.0018545756082093412,5,"2883.TW,2408.TW,2454.TW,2382.TW,3037.TW",2021,0.986044438364794,1.8958863683871916
2021-12-14,0.04532074551859999,0.013204891665947294,0.0321158538526527,5,"2618.TW,2615.TW,2603.TW,2609.TW,2408.TW",2021,1.0307327074259558,1.9209213424926908
2021-12-21,0.011729660113793061,0.02465669022237149,-0.01292703010857843,5,"2618.TW,2615.TW,2603.TW,3037.TW,2609.TW",2021,1.042822851752232,1.968284904976075
2021-12-28,-0.005884235895945666,0.019594081102369598,-0.025478316998315265,5,"2615.TW,3008.TW,2618.TW,9910.TW,2603.TW",2021,1.036686636094839,2.006851639036746
2022-01-03,-0.030591800048652806,-0.0006769787649729686,-0.029914821283679838,5,"2615.TW,2618.TW,3008.TW,2603.TW,2609.TW",2022,1.0049725258103153,2.0054930430926667
2022-01-10,-0.054773415434857475,0.03116524102906193,-0.0859386564639194,5,"3008.TW,2615.TW,3037.TW,2603.TW,2327.TW",2022,0.9499267481534889,2.0679947171627564
2022-01-17,-0.05037972716213324,-0.042861275050076975,-0.007518452112056262,5,"3008.TW,6669.TW,2327.TW,2883.TW,1590.TW",2022,0.9020696977575037,1.9793578267883374
2022-01-24,0.052693731840337765,0.009470421081326785,0.04322331075901098,5,"2327.TW,3008.TW,3017.TW,2883.TW,5871.TW",2022,0.9496031165124321,1.9981031788786427
2022-02-09,-0.0007951434518743694,0.0034745102802855587,-0.004269653732159928,5,"2891.TW,2883.TW,3231.TW,6669.TW,2886.TW",2022,0.9488480458124577,2.005045608914728
2022-02-16,0.020655582869604006,-0.022853084863858175,0.04350866773346218,5,"3017.TW,2883.TW,2891.TW,2603.TW,2618.TW",2022,0.9684470552533988,1.9592241314582934
2022-02-23,0.02436748211247619,-0.018426742218110692,0.04279422433058688,5,"3017.TW,2618.TW,3037.TW,2603.TW,2615.TW",2022,0.9920456715491662,1.9231220134404097
2022-03-03,-0.03507526196941624,-0.019133447092881672,-0.015941814876534566,5,"2618.TW,2615.TW,3017.TW,3037.TW,2603.TW",2022,0.9572494097339538,1.8863260601430916
2022-03-10,-0.011417531620697807,0.005520803724698986,-0.016938335345396793,5,"2618.TW,2615.TW,2603.TW,2609.TW,3017.TW",2022,0.9463199843294221,1.8967400960819263
2022-03-17,-0.027401892106657444,0.013176967835628384,-0.04057885994228583,5,"3017.TW,2603.TW,2609.TW,2618.TW,2615.TW",2022,0.9203890262204535,1.9217333793205444
2022-03-24,-0.010344900009526037,-0.013005603666780163,0.0026607036572541265,5,"2609.TW,3017.TW,2603.TW,2618.TW,3037.TW",2022,0.9108676937743378,1.8967400766358793
2022-03-31,-0.049279416674384735,-0.03257697117923086,-0.016702445495153873,5,"3017.TW,2609.TW,3037.TW,2618.TW,6669.TW",2022,0.8659806651575964,1.83495002982482
2022-04-11,0.010606668491849103,0.0007568215005506751,0.009849846991298428,5,"6669.TW,3017.TW,3037.TW,2345.TW,2618.TW",2022,0.875165834993274,1.8363387594598275
2022-04-18,0.004434975995945001,-0.01890367085066269,0.02333864684660769,5,"2618.TW,3037.TW,3017.TW,2884.TW,2892.TW",2022,0.8790471744639404,1.8016252159806847
2022-04-25,0.0407870828126633,-0.011175233809129437,0.05196231662179274,5,"2618.TW,2345.TW,3037.TW,2603.TW,6669.TW",2022,0.9149009443650389,1.7814916329556771
2022-05-03,-0.047377577646833924,-0.03468438687338349,-0.012693190773450436,5,"2618.TW,2884.TW,4904.TW,2603.TW,2345.TW",2022,0.8715551538342226,1.7197016879465468
2022-05-10,-0.031540661662167624,0.012111332298646138,-0.04365199396081376,5,"2345.TW,2618.TW,2603.TW,5871.TW,6669.TW",2022,0.8440657276072189,1.74052956654381
2022-05-17,-0.011192325913177648,-0.013163125779648066,0.0019707998664704185,5,"2345.TW,2603.TW,3037.TW,2609.TW,2618.TW",2022,0.8346186688916954,1.7176187569361976
2022-05-24,0.02786417053009127,0.0452708154410173,-0.017406644910926028,5,"3037.TW,2345.TW,2303.TW,6669.TW,3017.TW",2022,0.8578746258092914,1.7953767586794858
2022-05-31,-0.020731568203625095,-0.008507416975417015,-0.01222415122820808,5,"2615.TW,2603.TW,2609.TW,3017.TW,2618.TW",2022,0.8400895394941668,1.7801027399654268
2022-06-08,-0.02118789479458516,-0.03198120018063766,0.010793305386052499,5,"3017.TW,2345.TW,2615.TW,6669.TW,1590.TW",2022,0.8222898107133328,1.723172917896491
2022-06-15,-0.11688675969558049,-0.03464941447341496,-0.08223734522216553,5,"3037.TW,2615.TW,6669.TW,3017.TW,3008.TW",2022,0.7261750192083591,1.6634659852549316
2022-06-22,-0.003763036531185593,-0.01752930344668202,0.013766266915496428,5,"1590.TW,2609.TW,2603.TW,3037.TW,2454.TW",2022,0.7234423960830437,1.634306585226164
2022-06-29,-0.033320077758740796,-0.0700934551822735,0.036773377423532705,5,"1590.TW,9910.TW,2609.TW,2615.TW,3008.TW",2022,0.699337239191587,1.5197523898405194
2022-07-06,-0.016425570783220156,0.02969394665609104,-0.0461195174393112,5,"2345.TW,1590.TW,3037.TW,2609.TW,2379.TW",2022,0.6878502258679038,1.5648798362349108
2022-07-13,0.0852537388948511,0.040167798136086175,0.04508594075876493,5,"2615.TW,2609.TW,1590.TW,3037.TW,2618.TW",2022,0.7464920294228105,1.6277376136040262
2022-07-20,0.03446989443630444,0.021230499774345768,0.01323939466195867,5,"3008.TW,2609.TW,2345.TW,2603.TW,3017.TW",2022,0.7722235308745574,1.6622952966423405
2022-07-27,-0.023625876260814804,-0.01079418520395814,-0.012831691056856664,5,"2345.TW,3008.TW,2618.TW,3017.TW,2603.TW",2022,0.7539790732884256,1.6443521733467146
2022-08-03,0.043829986083264494,0.029652045899698054,0.01417794018356644,5,"3017.TW,2345.TW,6669.TW,3008.TW,3037.TW",2022,0.78702596557773,1.6931105794660597
2022-08-10,0.005202186136663789,0.013355527324978356,-0.008153341188314567,5,"3037.TW,2615.TW,3017.TW,2379.TW,2345.TW",2022,0.7911202211450529,1.7157229640743286
2022-08-17,-0.014705294790811951,-0.02388796450651809,0.009182669715706138,5,"3017.TW,5871.TW,3037.TW,9910.TW,2603.TW",2022,0.7794865650781425,1.674737834805503
2022-08-24,-0.05461780290912566,-0.02531648233485584,-0.029301320574269818,5,"2603.TW,2345.TW,5871.TW,2615.TW,3008.TW",2022,0.7369127214963932,1.632339363995135
2022-08-31,-0.02888860981086916,-0.021212048903786584,-0.007676560907082575,5,"9910.TW,2345.TW,6669.TW,5871.TW,2603.TW",2022,0.7156243374204182,1.5977141015784941
2022-09-07,0.027246972924069413,-0.003538365733456117,0.03078533865752553,5,"2379.TW,2618.TW,3034.TW,5871.TW,9910.TW",2022,0.7351229343659175,1.5920608047496092
2022-09-15,-0.011526577227692236,-0.02130491785161448,0.009778340623922244,5,"2618.TW,2345.TW,6669.TW,3037.TW,2207.TW",2022,0.726649483091101,1.5581420800896435
2022-09-22,-0.1297622362697447,-0.06303850003332212,-0.06672373623642258,5,"2618.TW,2603.TW,2345.TW,2327.TW,5871.TW",2022,0.6323578211809457,1.459919140521992
2022-09-29,0.09238718265497226,0.039690159568327,0.052697023086645256,5,"2327.TW,2603.TW,3017.TW,2379.TW,2615.TW",2022,0.6907795787096901,1.5178635641661646
2022-10-06,-0.08253793284525546,-0.06936679526611855,-0.013171137579136905,5,"3017.TW,2603.TW,2615.TW,6669.TW,2609.TW",2022,0.6337640602312758,1.4125742330687492
2022-10-14,-0.041024159592344955,0.008003955495202497,-0.04902811508754745,5,"2345.TW,2618.TW,6669.TW,3017.TW,1590.TW",2022,0.6077644222804555,1.4238804143639012
2022-10-21,0.01799077292915352,-0.01885854501773543,0.03684931794688895,5,"3017.TW,2408.TW,3037.TW,3008.TW,2345.TW",2022,0.6186985739961213,1.3970281014697479
2022-10-28,0.015373508881229458,0.009610540833278725,0.005762968047950734,5,"2408.TW,3037.TW,2303.TW,2454.TW,2615.TW",2022,0.6282101420182546,1.4104542970841607
2022-11-04,0.1370030587093518,0.10020043336479545,0.03680262534455636,5,"2408.TW,3037.TW,2303.TW,2454.TW,1590.TW",2022,0.7142768529869918,1.5517824288932316
2022-11-11,-0.01711611966006965,0.04143881105917435,-0.058554930719244,5,"6669.TW,1590.TW,3034.TW,2615.TW,2207.TW",2022,0.7020512049008485,1.6160864477690848
2022-11-18,-0.006910931200945658,0.0021863373356094673,-0.009097268536555125,5,"6669.TW,3037.TW,2327.TW,1590.TW,3034.TW",2022,0.6971993773242378,1.619619757907415
2022-11-25,0.05007645519419701,0.02356021653819096,0.026516238656006053,5,"2327.TW,3037.TW,6669.TW,3034.TW,2330.TW",2022,0.732112650704237,1.6577783501132461
2022-12-02,-0.05649883385949228,-0.026427929296466313,-0.03007090456302597,5,"2330.TW,3034.TW,3037.TW,3008.TW,2379.TW",2022,0.6907491396856659,1.6139667010872407
2022-12-09,-0.005241291082160648,-0.01619966027309394,0.010958369190933293,5,"3008.TW,5871.TW,2327.TW,1590.TW,2330.TW",2022,0.6871287223798213,1.5878209888375412
2022-12-16,-0.038747635155278015,-0.013796112703686858,-0.024951522451591157,5,"3017.TW,1590.TW,3037.TW,2327.TW,5871.TW",2022,0.6605041093403357,1.5659152315222589
2022-12-23,-0.014500216277382183,-0.010830298280957162,-0.0036699179964250206,5,"3017.TW,5871.TW,9910.TW,2327.TW,2345.TW",2022,0.650926656902801,1.5489559024821786
2022-12-30,0.0017146073906506576,0.057937773930003544,-0.05622316653935289,5,"9910.TW,2615.TW,3017.TW,3037.TW,2395.TW",2022,0.6520427405594981,1.6386989593877357
2023-01-03,-0.005009385615194262,0.05757016750311572,-0.06257955311830998,5,"9910.TW,2615.TW,2603.TW,5871.TW,2609.TW",2023,0.6487764070344475,1.733039132966869
2023-01-10,-0.012433508767755397,0.05888816676788888,-0.07132167553564428,5,"2615.TW,3034.TW,9910.TW,2603.TW,2395.TW",2023,0.6407098398892719,1.8350946304442997
2023-01-17,0.004994772668815539,-0.00579467667904543,0.010789449347860969,5,"2615.TW,9910.TW,3034.TW,2002.TW,2379.TW",2023,0.643910039886192,1.8244608503854225
2023-02-03,-0.0039435644006340365,0.004995822424530338,-0.008939386825164375,5,"3034.TW,2327.TW,1590.TW,2303.TW,3037.TW",2023,0.641370739175686,1.8335755328144556
2023-02-10,0.019294490908669415,-0.01781272962256153,0.037107220531230944,5,"1590.TW,2379.TW,2303.TW,2327.TW,6669.TW",2023,0.6537456610717979,1.8009145476058874
2023-02-17,-0.01697688958445609,-0.010544070813414796,-0.006432818771041293,5,"2330.TW,3037.TW,9910.TW,2379.TW,3034.TW",2023,0.6426470931674647,1.7819255770870222
2023-02-24,0.039480428210891816,0.027280486167213125,0.012199942043678691,5,"2379.TW,3037.TW,3034.TW,2330.TW,2454.TW",2023,0.6680190755942012,1.830537373143748
2023-03-07,-0.01515878312190555,-0.01742735922869676,0.002268576106791209,5,"2379.TW,3034.TW,2345.TW,6669.TW,2454.TW",2023,0.6578927193059728,1.7986359407604169
2023-03-14,0.01839362437849945,0.00886814668791236,0.009525477690587092,5,"6669.TW,2615.TW,3034.TW,3008.TW,2345.TW",2023,0.6699937508662365,1.8145865081212316
2023-03-21,0.014098104883148777,0.010046067110561552,0.004052037772587225,5,"6669.TW,2454.TW,1590.TW,3008.TW,2615.TW",2023,0.679439393037003,1.832815965959737
2023-03-28,-0.008903524243063399,0.004973114945737045,-0.013876639188800444,5,"3008.TW,3017.TW,2454.TW,2345.TW,3037.TW",2023,0.6733899879294057,1.8419307704328367
2023-04-07,0.022979812946975597,-0.007422643074498914,0.03040245602147451,5,"3231.TW,6669.TW,3017.TW,2382.TW,2345.TW",2023,0.6888643638923896,1.828258775755977
2023-04-14,-0.04724001171934333,-0.021188235149544155,-0.02605177656979918,5,"6669.TW,3231.TW,3017.TW,1590.TW,3037.TW",2023,0.6563224032690751,1.7895211989010416
2023-04-21,0.04338253450792462,-0.0029711780601774374,0.04635371256810206,5,"6669.TW,3017.TW,3231.TW,2408.TW,1590.TW",2023,0.6847953325772198,1.7842042127766444
2023-04-28,0.006460008087002755,0.009791472066471352,-0.0033314639794685963,5,"6669.TW,3231.TW,2408.TW,3017.TW,1590.TW",2023,0.6892191159636104,1.8016741984869276
2023-05-08,-0.017440844341394923,-0.00590218220023131,-0.011538662141163614,5,"3231.TW,6669.TW,3017.TW,1590.TW,2382.TW",2023,0.6771985526449753,1.791040389102002
2023-05-15,0.04401607997335377,0.037319796196011,0.006696283777342771,5,"3017.TW,3231.TW,2382.TW,3037.TW,6669.TW",2023,0.707006178296036,1.8578816514021128
2023-05-22,0.16266183473502727,0.03638582784762101,0.12627600688740626,5,"3017.TW,3037.TW,6669.TW,3231.TW,2382.TW",2023,0.822009100426669,1.9254822133312839
2023-05-29,-0.008633249771326845,-0.003155758665425945,-0.0054774911059009,5,"2207.TW,2382.TW,3017.TW,3037.TW,2357.TW",2023,0.8149124905483819,1.9194058561514402
2023-06-05,0.017733263213749906,0.030470838233400244,-0.012737575019650338,5,"2382.TW,2207.TW,3231.TW,3037.TW,2345.TW",2023,0.8293635482394488,1.977891761498472
2023-06-12,0.0801426186145191,0.006912556605619402,0.0732300620088997,5,"2207.TW,3231.TW,2618.TW,2382.TW,2345.TW",2023,0.8958309147787873,1.9915640502596184
2023-06-19,-0.028115692965353545,-0.010297590400783041,-0.017818102564570504,5,"3231.TW,2345.TW,2382.TW,3037.TW,2618.TW",2023,0.8706440078299951,1.9710557394131203
2023-06-28,0.08540803411053188,-0.00038531077569081695,0.0857933448862227,5,"3231.TW,2382.TW,3711.TW,3017.TW,2618.TW",2023,0.9450040009488695,1.970296270397237
2023-07-05,0.16902007808435004,0.012336134005036525,0.15668394407931352,5,"3017.TW,2382.TW,3231.TW,2618.TW,6669.TW",2023,1.1047286509792706,1.9946021092184811
2023-07-12,-0.03507565129699963,-0.0027824365183154454,-0.03229321477868419,5,"3017.TW,2609.TW,2603.TW,2618.TW,2615.TW",2023,1.0659795740397169,1.9890522554702825
2023-07-19,0.18262465313758902,0.0007749116148192403,0.18184974152276978,5,"3231.TW,6669.TW,2382.TW,3017.TW,2603.TW",2023,1.2606537240004752,1.990593595165529
2023-07-26,-0.17194970639645357,-0.014711588505933015,-0.15723811789052056,5,"3231.TW,6669.TW,3017.TW,2382.TW,2603.TW",2023,1.0438846862909976,1.961308801310908
2023-08-02,0.024337209252951686,-0.0019646091856657666,0.026301818438617453,5,"3231.TW,6669.TW,2382.TW,3017.TW,3037.TW",2023,1.0692899263372135,1.9574555960239253
2023-08-10,0.11778340375666208,-0.022047350191835013,0.1398307539484971,5,"2382.TW,3231.TW,6669.TW,3017.TW,2357.TW",2023,1.195234533463921,1.9142988870134188
2023-08-17,-0.037227829176878946,0.01046711580968851,-0.047694944986567456,5,"2382.TW,3231.TW,2357.TW,6669.TW,3017.TW",2023,1.1507385464258195,1.934336075158146
2023-08-24,-0.019517923643961987,-5.50461036752381e-08,-0.019517868597858312,5,"2382.TW,3231.TW,6669.TW,2357.TW,3017.TW",2023,1.1282785193425167,1.9343359686804817
2023-08-31,-0.03701774320241158,-0.011155473079560552,-0.025862270122851028,5,"2382.TW,3017.TW,6669.TW,2345.TW,3231.TW",2023,1.0865121948526981,1.912757535855041
2023-09-07,-0.03176303005505943,0.02336833554478912,-0.05513136559984855,5,"2345.TW,2382.TW,3231.TW,3017.TW,6669.TW",2023,1.0520012753524033,1.9574554957687256
2023-09-14,-0.08633095703775473,-0.035826743088708146,-0.050504213949046584,5,"2345.TW,9910.TW,6669.TW,3017.TW,2357.TW",2023,0.9611809984462918,1.8873262406142397
2023-09-21,0.05617667895965561,0.009391618339869678,0.046785060619785934,5,"2345.TW,9910.TW,2603.TW,2379.TW,2382.TW",2023,1.0151769548181304,1.9050512883489097
2023-09-28,0.007109951474852272,0.01860829650869178,-0.011498345033839508,5,"9910.TW,2408.TW,2345.TW,2603.TW,3034.TW",2023,1.0223948137052756,1.9405010475867714
2023-10-06,-0.05101604946475291,0.0027801161288107945,-0.053796165593563705,5,"9910.TW,2454.TW,3017.TW,2408.TW,2345.TW",2023,0.9702362693167804,1.9458958658471417
2023-10-17,0.03653806022686834,-0.016237706475601965,0.052775766702470306,5,"6669.TW,3017.TW,2345.TW,2454.TW,3231.TW",2023,1.005686820559369,1.9142989799454284
2023-10-24,-0.04303060736390274,-0.01771335560974363,-0.02531725175415911,5,"3017.TW,2382.TW,1590.TW,3231.TW,2454.TW",2023,0.9624115058528271,1.8803903213702855
2023-10-31,0.07800782357489533,0.03811473332011306,0.03989309025478227,5,"6669.TW,2382.TW,3231.TW,3017.TW,1590.TW",2023,1.0374871328078437,1.9520608970070357
2023-11-07,0.03154478435318686,0.03355705734500303,-0.0020122729918161664,5,"2454.TW,6669.TW,2303.TW,1590.TW,3017.TW",2023,1.0702144406814733,2.0175663164688387
2023-11-14,-0.013249878252763692,0.0026737914253454065,-0.015923669678109098,5,"6669.TW,2345.TW,1590.TW,3017.TW,2454.TW",2023,1.0560342296380942,2.0229608679858786
2023-11-21,-0.011564760500108795,0.0003810135143682558,-0.01194577401447705,5,"6669.TW,3034.TW,2454.TW,2357.TW,2618.TW",2023,1.0438214466924127,2.023731643415619
2023-11-28,-0.01332697705748076,-0.006854580603116611,-0.006472396454364149,5,"6669.TW,3034.TW,3017.TW,2357.TW,2618.TW",2023,1.0299104622202366,2.009859811746749
2023-12-05,0.01544623389874844,0.009202442450170878,0.0062437914485775625,5,"6669.TW,2357.TW,3017.TW,3037.TW,3711.TW",2023,1.0458187001144585,2.0283554309972596
2023-12-12,-0.0186918669510312,0.014817737376193518,-0.03350960432722472,5,"2618.TW,2207.TW,2615.TW,3037.TW,2327.TW",2023,1.0262703961170188,2.058411069079353
2023-12-19,0.016937158793398188,0.006364518280111531,0.010572640513286657,5,"3008.TW,2327.TW,2379.TW,2615.TW,3037.TW",2023,1.0436525007810165,2.0715118639564922
2023-12-26,-0.002900851548223171,-0.01376483710044818,0.010863985552225008,5,"2615.TW,2609.TW,2603.TW,3008.TW,2357.TW",2023,1.040625019808319,2.042997840597485
2024-01-02,-0.05966679592605573,-0.009723412816197041,-0.049943383109858686,5,"2615.TW,2609.TW,3008.TW,2357.TW,2603.TW",2024,0.9785342591158682,2.0231329292107567
2024-01-09,-0.0038486328412837834,0.004769529647456583,-0.008618162488740366,5,"2609.TW,2603.TW,2615.TW,3008.TW,2357.TW",2024,0.9747682400299136,2.0327823216973733
2024-01-16,0.013929268284146534,0.031923098995864985,-0.01799383071171845,5,"2609.TW,2603.TW,2615.TW,2357.TW,3017.TW",2024,0.9883460483601556,2.097675032989963
2024-01-23,0.0019412752263250344,0.008199661649903822,-0.006258386423578788,5,"2609.TW,2603.TW,2615.TW,3017.TW,2345.TW",2024,0.9902647000588735,2.1148752585119315
2024-01-30,0.078926226402106,0.05249564054745992,0.026430585854646083,5,"2609.TW,3231.TW,2603.TW,6669.TW,3017.TW",2024,1.0684225559737337,2.22589698988549
2024-02-15,-0.044798116267887766,0.007727309687263428,-0.052525425955151195,5,"6669.TW,2345.TW,3231.TW,3017.TW,2382.TW",2024,1.0205592380879887,2.2430971852582826
2024-02-22,0.013544752360953094,0.010805165578164022,0.002739586782789072,5,"6669.TW,3231.TW,3017.TW,3037.TW,2345.TW",2024,1.0343824602375735,2.267334221752912
2024-03-01,0.02411423438521898,0.06103462725365749,-0.03692039286843851,5,"3017.TW,2454.TW,2330.TW,1590.TW,2379.TW",2024,1.0593258013277018,2.4057201208370627
2024-03-08,-0.007000895870806767,-0.005524927357516862,-0.0014759685132899047,5,"3017.TW,6669.TW,1590.TW,2379.TW,3034.TW",2024,1.0519095716993476,2.3924286919269213
2024-03-15,0.0059646694265371725,0.02745082499379259,-0.021486155567255416,5,"3017.TW,2603.TW,6669.TW,2454.TW,2379.TW",2024,1.0581838645611445,2.4581028332591353
2024-03-22,-0.0028017872217440676,0.006361404781669577,-0.009163192003413645,5,"3017.TW,2603.TW,2454.TW,2317.TW,6669.TW",2024,1.0552190585311614,2.4737398203764656
2024-03-29,0.005594934889701086,0.028761112109840115,-0.023166177220139028,5,"3017.TW,2317.TW,2603.TW,3711.TW,2308.TW",2024,1.061122940458015,2.544887328680889
2024-04-09,-0.06733404099319773,-0.041781921029851676,-0.025552119963346054,5,"2317.TW,3017.TW,2382.TW,3037.TW,3231.TW",2024,0.9896732448863924,2.438557047284074
2024-04-16,-0.0048191733190696695,-0.012504078386049722,0.007684905066980052,5,"2317.TW,2382.TW,2308.TW,2408.TW,3037.TW",2024,0.9849038379900388,2.4080651388159797
2024-04-23,0.02488480537576332,0.021753348659983462,0.0031314567157798567,5,"6669.TW,3017.TW,2317.TW,2382.TW,3231.TW",2024,1.0094129783122632,2.4604486193765953
2024-04-30,0.054560004819340646,0.02160784228188528,0.032952162537455365,5,"3017.TW,6669.TW,2317.TW,2382.TW,2618.TW",2024,1.0644865552736853,2.5136136050867672
2024-05-08,0.015908509819131167,0.05101094421136598,-0.035102434392234816,5,"3017.TW,5871.TW,3034.TW,2618.TW,2603.TW",2024,1.0814209500905898,2.641835408464779
2024-05-15,0.007647820368572367,0.007990385206030792,-0.0003425648374584256,5,"3017.TW,2317.TW,2609.TW,2615.TW,2603.TW",2024,1.0896914632596935,2.662944691029344
2024-05-22,0.05887957425879753,-0.013505624115530801,0.07238519837432833,5,"2609.TW,2615.TW,2603.TW,2618.TW,2317.TW",2024,1.1538520326898702,2.626979960991853
2024-05-29,0.027250564112352604,0.02827396432976692,-0.0010234002174143164,5,"2609.TW,2615.TW,2603.TW,2357.TW,2317.TW",2024,1.185295151482854,2.701255098703949
2024-06-05,-0.0570391626016834,0.035890057826718724,-0.09292922042840213,5,"2615.TW,2609.TW,3017.TW,2357.TW,2603.TW",2024,1.1176869086064365,2.798203300401153
2024-06-13,0.04483849056428224,0.04554348075309744,-0.0007049901888152021,5,"2615.TW,2609.TW,2603.TW,2345.TW,2454.TW",2024,1.167802302511808,2.9256432185562264
2024-06-20,-0.029599104954742828,-0.009620537324805944,-0.019978567629936883,5,"2615.TW,2609.TW,3017.TW,2454.TW,2603.TW",2024,1.1332363995933707,2.897496958773041
2024-06-27,0.014372505555309667,0.03939557598191801,-0.02502307042660834,5,"2615.TW,2609.TW,6669.TW,2454.TW,3008.TW",2024,1.1495238460420056,3.0116455203697603
2024-07-04,-0.057644815919938974,0.029075702659907554,-0.08672051857984653,5,"2615.TW,2454.TW,2609.TW,3017.TW,3008.TW",2024,1.083259755541334,3.099211230037074
2024-07-11,-0.062146988420229476,-0.04281288434350139,-0.019334104076728087,5,"2408.TW,6669.TW,2317.TW,2382.TW,3008.TW",2024,1.015938424057606,2.9665250580894162
2024-07-18,-0.07418096776923089,-0.050331062180390296,-0.023849905588840592,5,"3008.TW,2317.TW,2382.TW,3711.TW,2308.TW",2024,0.9405751285670655,2.817216700931032
2024-07-29,-0.08635158899659778,-0.06666665453605702,-0.01968493446054076,5,"3037.TW,3711.TW,6669.TW,3017.TW,3008.TW",2024,0.8593549716446202,2.629402288376853
2024-08-05,0.07297520869525242,0.07172742190128711,0.001247786793965311,5,"3037.TW,3711.TW,2308.TW,3017.TW,2327.TW",2024,0.922066580043689,2.818002535663469
2024-08-12,0.018171954491727593,0.0295593644067087,-0.011387409914981106,5,"3711.TW,2308.TW,2327.TW,3017.TW,3037.TW",2024,0.9388223319745859,2.9013008995141747
2024-08-19,-0.019709636318752777,-0.02275192530403891,0.0030422889852861346,5,"2308.TW,3017.TW,6669.TW,2357.TW,3231.TW",2024,0.9203184852434434,2.835290718163887
2024-08-26,-0.006473934907304635,0.0033259957996416567,-0.009799930706946292,5,"3017.TW,2615.TW,2308.TW,3711.TW,2357.TW",2024,0.9143604032759881,2.844720883183263
2024-09-02,-0.05507672527736662,-0.04198901066589522,-0.013087714611471402,5,"3017.TW,2615.TW,2454.TW,3231.TW,2357.TW",2024,0.8640004265402543,2.725273867677786
2024-09-09,-0.009998449586323899,0.029411795902210436,-0.039410245488534335,5,"3008.TW,2454.TW,1590.TW,2881.TW,2615.TW",2024,0.8553617618329292,2.805429066451553
2024-09-16,0.06257032370346138,0.05154057141719437,0.011029752286267014,5,"2379.TW,3008.TW,1590.TW,3017.TW,2357.TW",2024,0.9088820241543787,2.950022483606872
2024-09-24,-0.0292394708470044,-0.019712312222314066,-0.009527158624690335,5,"9910.TW,2357.TW,3017.TW,3045.TW,2207.TW",2024,0.8823067947057504,2.891870719347167
2024-10-01,0.007295675143398794,0.04402180115661869,-0.036726126013219895,5,"2615.TW,3017.TW,2345.TW,9910.TW,6669.TW",2024,0.888743818456737,3.019176077124916
2024-10-11,0.02829090832793435,0.03617909394487784,-0.007888185616943488,5,"1590.TW,2615.TW,5871.TW,9910.TW,3017.TW",2024,0.9138871883517149,3.1284071320553464
2024-10-18,-0.0028688486158480186,-0.005777406437534327,0.0029085578216863084,5,"1590.TW,2615.TW,3017.TW,3711.TW,3008.TW",2024,0.9112653843563708,3.1103330525513817
2024-10-25,-0.02007966542315265,-0.03208700919659946,0.01200734377344681,5,"1590.TW,2615.TW,5871.TW,3017.TW,2382.TW",2024,0.8929674803267943,3.0105317672896783
2024-11-04,0.02571239340202891,0.01905502093057776,0.006657372471451151,5,"2615.TW,1590.TW,2345.TW,3037.TW,3711.TW",2024,0.9159278114761753,3.0678975131275523
2024-11-11,-0.02967071862949988,-0.023053237934670845,-0.0066174806948290366,5,"3037.TW,2615.TW,2345.TW,2382.TW,3231.TW",2024,0.8887515750969321,2.9971725417982378
2024-11-18,0.007714918612522936,-0.003146235545178566,0.010861154157701502,5,"3037.TW,6669.TW,3231.TW,2615.TW,2382.TW",2024,0.8956082211655565,2.987742731012199
2024-11-25,0.01595374128162863,0.02209360577283115,-0.006139864491202518,5,"2615.TW,2603.TW,2609.TW,2345.TW,2618.TW",2024,0.9098965230157314,3.0537527410618246
2024-12-02,0.07234283014257192,0.0074627205707296085,0.06488010957184231,5,"6669.TW,2345.TW,3231.TW,2603.TW,2618.TW",2024,0.9757210126275753,3.0765420444604685
2024-12-09,-0.03501774642490163,0.006896580592663737,-0.04191432701756537,5,"2345.TW,6669.TW,3017.TW,2618.TW,2603.TW",2024,0.9415534616259346,3.0977596646168086
2024-12-16,0.021218361231879257,0.007102912376381276,0.01411544885549798,5,"3017.TW,6669.TW,2609.TW,2345.TW,3231.TW",2024,0.96153168309384,3.11976278007767
2024-12-23,-0.03234850288280189,-0.009068032798832615,-0.023280470083969274,5,"6669.TW,2345.TW,2609.TW,2618.TW,2603.TW",2024,0.9304275726713735,3.0914726688633487
2024-12-30,0.03715947572642575,0.030249109352097125,0.006910366374328625,5,"6669.TW,2609.TW,2345.TW,2618.TW,9910.TW",2024,0.9650017734732527,3.1849869636828156
2025-01-02,0.003976120763029556,0.015306038871002015,-0.011329918107972459,5,"6669.TW,2345.TW,2379.TW,2308.TW,2454.TW",2025,0.96883873706112,3.2337364979525796
2025-01-09,-0.01777899032051289,0.003632165151909783,-0.02141115547242267,5,"6669.TW,2408.TW,2345.TW,2609.TW,2603.TW",2025,0.9516137625327724,3.2454819629709015
2025-01-16,-0.01734996162761082,-0.01700498572008069,-0.00034497590753013174,5,"6669.TW,2618.TW,3008.TW,2345.TW,5876.TW",2025,0.9351033002685225,3.1902925885358018
2025-02-03,0.016429361102525908,0.019881209916019715,-0.0034518488134938075,5,"6669.TW,3037.TW,3711.TW,3017.TW,2308.TW",2025,0.9504664500567978,3.253719465182004
2025-02-10,-0.012452536797009306,0.0020252739966468702,-0.014477810793656176,5,"2395.TW,2454.TW,2345.TW,3008.TW,6669.TW",2025,0.9386307316131427,3.2603091386072207
2025-02-17,0.008385453110346441,-0.0197068721938225,0.02809232530416894,5,"2395.TW,3231.TW,3034.TW,1301.TW,2379.TW",2025,0.9465015756010149,3.196058643100337
2025-02-24,-0.028707957283798713,-0.03092789146397157,0.0022199341801728556,5,"2395.TW,3017.TW,3231.TW,3711.TW,2357.TW",2025,0.9193294487996128,3.0972112882740412
2025-03-04,0.014520831605602469,-0.03138288174646908,0.04590371335207155,5,"2408.TW,2002.TW,2395.TW,1590.TW,1301.TW",2025,0.9326788769157033,3.0000118726703078
2025-03-11,0.025646865284799203,0.0027457459871229606,0.022901119297676242,5,"2408.TW,2002.TW,1301.TW,1326.TW,1303.TW",2025,0.9565991664259381,3.0082491432310134
2025-03-18,-0.033669771104636204,0.014238645932797667,-0.04790841703743387,5,"2408.TW,1102.TW,2002.TW,3017.TW,9910.TW",2025,0.924390691453491,3.0510825376591217
2025-03-25,-0.027162117071554914,-0.045086321575087296,0.01792420450353238,5,"2408.TW,1303.TW,2002.TW,1301.TW,1102.TW",2025,0.8992822832723756,2.913520449214089
2025-04-01,-0.1524458170443047,-0.11082836583496414,-0.04161745120934057,5,"2408.TW,3017.TW,1303.TW,1590.TW,1301.TW",2025,0.7621904608454504,2.590619739000941
2025-04-10,0.13464522758836495,0.02639101819088996,0.10825420939747499,5,"2408.TW,3017.TW,1590.TW,2615.TW,2327.TW",2025,0.8648157689116668,2.6589888316585935
2025-04-17,0.06318581621048991,0.029739828839798088,0.03344598737069182,5,"2408.TW,2615.TW,2609.TW,3017.TW,2603.TW",2025,0.9194598591420529,2.7380667043990545
2025-04-24,-0.014579689481897695,0.050541484889567334,-0.06512117437146503,5,"2408.TW,2615.TW,3231.TW,2609.TW,1301.TW",2025,0.9060544199046924,2.876452661366067
2025-05-02,0.005345683919505406,0.0051547011189161385,0.00019098280058926775,5,"2408.TW,2615.TW,2454.TW,2379.TW,3231.TW",2025,0.9108979004473737,2.89127991511812
2025-05-09,0.15065212773915837,0.040740581699667766,0.1099115460394906,5,"3231.TW,2615.TW,2408.TW,3017.TW,2382.TW",2025,1.0481266073029027,3.0090723407165982
2025-05-16,-0.011197195908000834,-0.010949863105402136,-0.0002473328025986987,5,"2408.TW,3017.TW,2345.TW,3037.TW,6669.TW",2025,1.0363905283445438,2.9761234105114993
2025-05-23,0.026723297899655662,-0.017436959274745867,0.04416025717440153,5,"3017.TW,2345.TW,6669.TW,2408.TW,2609.TW",2025,1.0640863011738766,2.9242288678057924
2025-06-02,0.01708626934124835,0.041690020949883166,-0.024603751608634816,5,"2615.TW,3037.TW,2408.TW,2345.TW,3017.TW",2025,1.082267566318066,3.046140030566869
2025-06-09,0.03247167228065173,0.020281233768452367,0.012190438512199364,5,"2615.TW,2408.TW,3017.TW,2603.TW,2609.TW",2025,1.1174106040515248,3.1079195086182363
2025-06-16,0.010952070847575657,0.002915527786836014,0.008036543060739643,5,"2408.TW,2615.TW,3017.TW,3037.TW,2345.TW",2025,1.1296485641529295,3.1169807343048626
2025-06-23,-0.01474279916564758,0.02283295374435812,-0.0375757529100057,5,"2408.TW,3017.TW,6669.TW,9910.TW,2357.TW",2025,1.1129943822438606,3.1881506112333007
2025-06-30,-0.001900785968481311,0.0014469668313497053,-0.0033477527998310164,5,"2408.TW,3017.TW,3037.TW,2308.TW,2357.TW",2025,1.110878818139093,3.1927637594211027
2025-07-07,0.009229524088360419,0.018575810605574228,-0.009346286517213809,5,"3037.TW,3017.TW,2345.TW,2408.TW,2357.TW",2025,1.121131700950357,3.25207193432445
2025-07-14,0.03621506754566717,0.03867606057640072,-0.0024609930307335492,5,"3037.TW,2408.TW,6669.TW,2308.TW,2357.TW",2025,1.161733561227863,3.3778492654551955
2025-07-21,0.006085294006054731,0.002946895142775352,0.003138398863279379,5,"2308.TW,3037.TW,6669.TW,3017.TW,9910.TW",2025,1.1688030515046355,3.387803433048593
2025-07-28,0.02945255503828692,0.0009794613602120972,0.028473093678074823,5,"2308.TW,3037.TW,2454.TW,3017.TW,1301.TW",2025,1.2032272877079935,3.391121655607258
2025-08-05,0.09546328889573585,0.04011740944826747,0.05534587944746838,5,"3037.TW,1301.TW,1303.TW,1326.TW,2345.TW",2025,1.3180913218816943,3.5271646715541407
2025-08-12,-0.03471980543919506,-0.01128882948891552,-0.023430975950279542,5,"2308.TW,1303.TW,3037.TW,1326.TW,1301.TW",2025,1.2723274476348705,3.4873471109976393
2025-08-19,0.053797784173284846,0.008563329245323992,0.045234454927960854,5,"1303.TW,2345.TW,2308.TW,1326.TW,3017.TW",2025,1.3407758450604776,3.5172104125018415
2025-08-26,-0.06256958644084532,-0.0207547290112029,-0.041814857429642416,5,"3017.TW,1326.TW,2308.TW,1303.TW,6669.TW",2025,1.2568840549251687,3.4442116635149844
2025-09-02,0.0067855848558171505,0.04816962364594679,-0.04138403879012964,5,"1303.TW,3017.TW,1326.TW,6669.TW,3037.TW",2025,1.265412748333787,3.6101180431034816
2025-09-09,0.014508273275575245,0.04044109960643638,-0.025932826330861136,5,"1303.TW,6669.TW,2345.TW,3017.TW,2308.TW",2025,1.2837717022930102,3.756115186475623
2025-09-16,-0.004437386504043128,0.03710255199518575,-0.04153993849922888,5,"2308.TW,2345.TW,6669.TW,1326.TW,2395.TW",2025,1.2780751110669828,3.8954766454817413
2025-09-23,-0.006332178033986335,0.00511069023784394,-0.011442868271830275,5,"2408.TW,2308.TW,3711.TW,2345.TW,2327.TW",2025,1.2699821119228998,3.915385219945554
2025-10-01,0.044703848544645375,0.01525423224688871,0.029449616297756664,5,"2408.TW,2308.TW,2327.TW,3711.TW,3037.TW",2025,1.32675519990871,3.975111415426639
2025-10-09,0.08087124231258058,0.04090145842430859,0.03996978388827199,5,"2408.TW,2327.TW,6669.TW,2308.TW,3231.TW",2025,1.4340515411700034,4.137699269716706
2025-10-17,0.08604198798973517,0.019246265641791105,0.06679572234794406,5,"2308.TW,3017.TW,3231.TW,2327.TW,2345.TW",2025,1.557440186652014,4.217334529007519
2025-10-27,0.03651749412884309,0.014948759032226588,0.021568735096616498,5,"6669.TW,3231.TW,9910.TW,3017.TW,1590.TW",2025,1.6143139995241031,4.280378446639941
2025-11-03,0.03337784202128713,-0.013178244841469455,0.046556086862756585,5,"2408.TW,2327.TW,2308.TW,1590.TW,6669.TW",2025,1.6681963171729708,4.223970571455971
2025-11-10,-0.026548100416301068,-0.03692065360806607,0.010372553191765,5,"2327.TW,3711.TW,2615.TW,6669.TW,2408.TW",2025,1.6239088738305592,4.06801881713658
2025-11-17,-0.03388622844088662,-0.009787916731649027,-0.024098311709237596,5,"2327.TW,2408.TW,3017.TW,3711.TW,6669.TW",2025,1.568880726764754,4.028201387691666
2025-11-24,0.03496828043781375,0.018121896133772797,0.01684638430404095,5,"2408.TW,3017.TW,3711.TW,6669.TW,2615.TW",2025,1.6237417879917448,4.101200034845333
2025-12-01,0.018227525989227722,0.03236244188059145,-0.01413491589136373,5,"2408.TW,6669.TW,3017.TW,1303.TW,1326.TW",2025,1.6533385836321595,4.233924882613695
2025-12-08,-0.03047972406055921,-0.02664578915785254,-0.0038339349027066705,5,"1303.TW,1326.TW,6669.TW,1301.TW,3037.TW",2025,1.6029452798243755,4.121108612881385
2025-12-15,-0.004358863575521399,0.022544330867990237,-0.026903194443511635,5,"3037.TW,1303.TW,3711.TW,2454.TW,6669.TW",2025,1.595958260030595,4.214016248993107
2025-12-22,-0.013400094595032552,0.025196869937415878,-0.03859696453244843,5,"2454.TW,3037.TW,2345.TW,1303.TW,2887.TW",2025,1.5745722683764616,4.320196268333143
2025-12-30,0.04536248778093688,0.06989250862734986,-0.02453002084641298,5,"2345.TW,3037.TW,2891.TW,2408.TW,2882.TW",2025,1.645998783660891,4.622145623289462
2026-01-02,0.02457593783982026,0.03524243809197891,-0.01066650025215865,5,"2345.TW,3037.TW,3017.TW,2891.TW,2408.TW",2026,1.6864507474525607,4.785041304270353
2026-01-09,0.07037278343466413,0.01702117147594251,0.05335161195872162,5,"2408.TW,2345.TW,1303.TW,3008.TW,2887.TW",2026,1.8051309806762672,4.866488312829806
2026-01-16,0.01136994686832371,0.02189342338326461,-0.0105234765149409,5,"2408.TW,3008.TW,2379.TW,3711.TW,3017.TW",2026,1.8256552240169215,4.973032401852298
2026-01-23,-0.033433269534704824,-0.009688494563912298,-0.023744774970792526,5,"2408.TW,2303.TW,1303.TW,2327.TW,3711.TW",2026,1.764617600834922,4.924851204460793
2026-01-30,-0.014608837578562572,0.03494052237854017,-0.049549359957102745,5,"2303.TW,1303.TW,1301.TW,3037.TW,1326.TW",2026,1.7388385889160518,5.096928078181236
2026-02-06,0.15607569929439546,0.08507762297326571,0.07099807632112975,5,"3037.TW,2408.TW,1303.TW,2303.TW,2327.TW",2026,2.0102290376412046,5.53056260353859
2026-02-24,-0.06495224520935128,-0.025513347871739867,-0.03943889733761141,5,"2408.TW,2454.TW,2303.TW,1326.TW,3037.TW",2026,1.8796601482613748,5.389459435908075
2026-03-04,-0.013220527628863277,-0.01532565185708179,0.0021051242282185134,5,"1326.TW,2408.TW,3037.TW,1303.TW,3711.TW",2026,1.854810049338412,5.306862456895484
2026-03-11,0.03369476666053117,-0.006485150597804856,0.04017991725833603,5,"2345.TW,3711.TW,1326.TW,1303.TW,2395.TW",2026,1.9173074411504782,5.27244665466068
2026-03-18,0.0001013813411006037,-0.003916344300362029,0.004017725641462633,5,"3037.TW,1303.TW,3017.TW,2395.TW,3711.TW",2026,1.9175018203501641,5.251797938255737
2026-03-25,-0.01812467650479166,-0.00524254880766295,-0.012882127697128709,5,"3037.TW,2408.TW,3017.TW,1326.TW,2395.TW",2026,1.8827477201589682,5.224265131236447
2026-04-01,0.0971415793712842,0.061923540303208124,0.03521803906807608,5,"3037.TW,2408.TW,3017.TW,2345.TW,2308.TW",2026,2.065640807252895,5.547770123645212
2026-04-10,0.03195859859722616,0.04900754773222804,-0.01704894913500188,5,"3037.TW,1303.TW,3017.TW,2408.TW,1326.TW",2026,2.1316557926579405,5.819652732787183
2026-04-17,0.07809561389398034,0.09639258537318329,-0.01829697147920295,5,"3017.TW,1326.TW,3711.TW,2308.TW,3008.TW",2026,2.2981287603962217,6.380624105674651
2026-04-24,0.04885974230013912,0.018338813211157934,0.030520929088981186,5,"1326.TW,1303.TW,2303.TW,2327.TW,3008.TW",2026,2.4104147394017192,6.497637179319231
2026-05-04,-0.02390002308240402,0.02595333525330168,-0.0498533583357057,5,"3037.TW,2308.TW,3008.TW,1326.TW,3017.TW",2026,2.3528057714918513,6.66627253538842
2026-05-11,-0.03967270076761964,-0.02581310513730195,-0.01385959563031769,5,"2454.TW,3037.TW,1326.TW,3711.TW,2303.TW",2026,2.259463612155127,6.49419534155853
2026-05-18,0.1754128147332077,0.07684149901153248,0.09857131572167521,5,"2454.TW,3037.TW,2408.TW,6669.TW,3711.TW",2026,2.6558024841505183,6.9932190464775985
2026-05-25,0.1160083306415769,0.04625993015716401,0.06974840048441289,5,"2408.TW,2303.TW,2345.TW,2395.TW,2454.TW",2026,2.963897696850573,7.3167248711414015
2026-06-01,-0.09899417213017281,-0.039510867207358524,-0.059483304922814284,5,"2303.TW,2327.TW,2454.TW,3711.TW,2395.TW",2026,2.670489098072325,7.027634726364957
2026-06-08,0.15749061548580312,0.03868758075039702,0.1188030347354061,5,"2327.TW,3008.TW,2303.TW,2408.TW,3711.TW",2026,3.0910660697758625,7.299516912325495
2026-06-15,-0.04669810445912148,0.018387521564249498,-0.06508562602337098,5,"9910.TW,2327.TW,2454.TW,2357.TW,2308.TW",2026,2.9467191435594233,7.433736936959484
2026-06-23,0.050456411169847115,0.016666702475177875,0.03378970869466924,5,"2408.TW,2327.TW,9910.TW,1326.TW,2883.TW",2026,3.0954000162689175,7.557632818766527
2026-06-30,-0.04613776612099185,-0.030965415565910037,-0.015172350555081815,5,"3008.TW,2883.TW,2408.TW,9910.TW,2882.TW",2026,2.9525851742673876,7.323607577838862
2026-07-07,0.05979360642107845,-0.010338317494389515,0.07013192391546796,5,"1303.TW,2327.TW,3008.TW,2303.TW,3037.TW",2026,3.129130890102243,7.2478937974948465
2026-07-14,-0.04681357411252318,-0.0015584011850569013,-0.04525517292746628,5,"2327.TW,2379.TW,1303.TW,2303.TW,3017.TW",2026,2.982645089270656,7.236598671211664
2026-07-21,-0.18561654315073628,-0.07224883303117524,-0.11336771011956104,5,"1303.TW,2327.TW,2303.TW,1301.TW,1326.TW",2026,2.4290168183547176,6.713762862101667
2026-07-28,0.07707510640496862,0.07013928072001963,0.006935825684948993,5,"1303.TW,1326.TW,2303.TW,1301.TW,2327.TW",2026,2.6162335480888657,7.184661360174259
2026-08-04,0.026405821985565625,0.012048192771084265,0.01435762921448136,5,"1303.TW,2303.TW,2395.TW,1301.TW,1326.TW",2026,2.685317345432365,7.271223545236599
2026-08-11,0.017320216156534674,-0.01857139950706843,0.035891615663603105,5,"6669.TW,3017.TW,3231.TW,2345.TW,3037.TW",2026,2.7318276223041456,7.136186747872808
2026-08-18,0.00027584321894913444,0.010189183806582847,-0.009913340587633712,5,"3231.TW,3017.TW,2327.TW,2408.TW,6669.TW",2026,2.732581178429096,7.208898666324984
