model,seed,top_k,mean_ic,median_year_ic,mean_spread,positive_alpha_years,years,mean_alpha_vs_0050,mean_alpha_vs_equal_weight,median_alpha_vs_0050,mean_turnover,mean_active_sharpe,mean_best_epoch,mean_valid_ic,horizon,run
mlp_rank,123,3,0.0401440735458303,0.0485007750627165,0.0088431990060475,7,9,0.3137723213232809,0.3286981129101158,0.3772404448115602,0.7994122611521385,0.5434102048371826,10.88888888888889,0.077847250286942,10,v4_h10_mlp_rank_seed123_20260828_235126
mlp_rank,123,5,0.0401440735458303,0.0485007750627165,0.0088431990060475,7,9,0.1918160606129119,0.2067418521997469,0.2662918845078492,0.7450603185304799,0.4178566506282066,10.88888888888889,0.077847250286942,10,v4_h10_mlp_rank_seed123_20260828_235126
mlp_rank,123,10,0.0401440735458303,0.0485007750627165,0.0088431990060475,7,9,0.1347420667180353,0.1496678583048703,0.1611724792148531,0.6394088604625754,0.5463618334945457,10.88888888888889,0.077847250286942,10,v4_h10_mlp_rank_seed123_20260828_235126
mlp_rank,123,15,0.0401440735458303,0.0485007750627165,0.0088431990060475,6,9,0.0820802479876707,0.0970060395745057,0.1579752631300269,0.554637729116973,0.3894952620900287,10.88888888888889,0.077847250286942,10,v4_h10_mlp_rank_seed123_20260828_235126
mlp_rank,123,20,0.0401440735458303,0.0485007750627165,0.0088431990060475,6,9,0.0329352052344744,0.0478609968213094,0.1520211576309463,0.4898520847556207,0.2346881405323113,10.88888888888889,0.077847250286942,10,v4_h10_mlp_rank_seed123_20260828_235126
mlp_rank,1,3,0.0298669802850389,0.0347747133855435,0.0088919960643917,7,9,0.2050051261962043,0.2199309177830392,0.1629780534370919,0.7498688154799101,0.3585922498894108,15.22222222222222,0.0684253667774767,10,v4_h10_mlp_rank_seed1_20260828_235149
mlp_rank,1,5,0.0298669802850389,0.0347747133855435,0.0088919960643917,7,9,0.1937129499365305,0.2086387415233655,0.2634650799327345,0.7096051232651143,0.4233583134336381,15.22222222222222,0.0684253667774767,10,v4_h10_mlp_rank_seed1_20260828_235149
mlp_rank,1,10,0.0298669802850389,0.0347747133855435,0.0088919960643917,7,9,0.1253804117359134,0.1403062033227484,0.157241996513368,0.6246790544226336,0.4661532342379735,15.22222222222222,0.0684253667774767,10,v4_h10_mlp_rank_seed1_20260828_235149
mlp_rank,1,15,0.0298669802850389,0.0347747133855435,0.0088919960643917,6,9,0.0605502689460806,0.0754760605329155,0.1400097673518202,0.550295144440142,0.2526829049309249,15.22222222222222,0.0684253667774767,10,v4_h10_mlp_rank_seed1_20260828_235149
mlp_rank,1,20,0.0298669802850389,0.0347747133855435,0.0088919960643917,6,9,0.034915882661618,0.049841674248453,0.1031813232268479,0.4803650927447616,0.1458171400523326,15.22222222222222,0.0684253667774767,10,v4_h10_mlp_rank_seed1_20260828_235149
mlp_rank,2026,3,0.0347120793069882,0.0422398195019673,0.0099500586522973,7,9,0.4343170243518617,0.4492428159386967,0.1385105853531791,0.7681061139745393,0.4618952899669256,16.77777777777778,0.0613206077348241,10,v4_h10_mlp_rank_seed2026_20260828_235416
mlp_rank,2026,5,0.0347120793069882,0.0422398195019673,0.0099500586522973,7,9,0.2999880293605003,0.3149138209473353,0.1498373342846934,0.747626437219711,0.5713468204648223,16.77777777777778,0.0613206077348241,10,v4_h10_mlp_rank_seed2026_20260828_235416
mlp_rank,2026,10,0.0347120793069882,0.0422398195019673,0.0099500586522973,7,9,0.1693911269145389,0.1843169185013738,0.1473702759113059,0.64883144377578,0.5793059030376146,16.77777777777778,0.0613206077348241,10,v4_h10_mlp_rank_seed2026_20260828_235416
mlp_rank,2026,15,0.0347120793069882,0.0422398195019673,0.0099500586522973,7,9,0.1030986416510405,0.1180244332378754,0.1052391563847161,0.562261411765637,0.3998553687325878,16.77777777777778,0.0613206077348241,10,v4_h10_mlp_rank_seed2026_20260828_235416
mlp_rank,2026,20,0.0347120793069882,0.0422398195019673,0.0099500586522973,6,9,0.0507551452428954,0.0656809368297303,0.1107723126991417,0.4939761280627048,0.2866024731104598,16.77777777777778,0.0613206077348241,10,v4_h10_mlp_rank_seed2026_20260828_235416
mlp_rank,3407,3,0.0313175986611982,0.0427884146262736,0.0087273141154072,4,9,0.2224344157150107,0.2373602073018457,-0.0303819637742773,0.7851653440246947,0.4396158045657841,18.0,0.0663927400025855,10,v4_h10_mlp_rank_seed3407_20260828_235339
mlp_rank,3407,5,0.0313175986611982,0.0427884146262736,0.0087273141154072,7,9,0.2109624873340659,0.2258882789209008,0.1066954984812857,0.753517103920991,0.3750249773213484,18.0,0.0663927400025855,10,v4_h10_mlp_rank_seed3407_20260828_235339
mlp_rank,3407,10,0.0313175986611982,0.0427884146262736,0.0087273141154072,6,9,0.0828301200473132,0.0977559116341481,0.0269195852647248,0.6634910322277645,0.1996581478809832,18.0,0.0663927400025855,10,v4_h10_mlp_rank_seed3407_20260828_235339
mlp_rank,3407,15,0.0313175986611982,0.0427884146262736,0.0087273141154072,5,9,0.0244985290529398,0.0394243206397747,0.0423207625063576,0.5843472339742054,-0.0163481684349385,18.0,0.0663927400025855,10,v4_h10_mlp_rank_seed3407_20260828_235339
mlp_rank,3407,20,0.0313175986611982,0.0427884146262736,0.0087273141154072,5,9,0.005834110645782,0.0207599022326169,0.0621544980720855,0.5065581367818364,-0.0492654399151657,18.0,0.0663927400025855,10,v4_h10_mlp_rank_seed3407_20260828_235339
mlp_rank,42,3,0.0435936204436712,0.0393519675974962,0.0098318402841393,7,9,0.2377879238540747,0.2527137154409097,0.1129304982220075,0.7734847657694701,0.6251472072496875,16.444444444444443,0.0669462344500524,10,v4_h10_mlp_rank_seed42_20260828_235200
mlp_rank,42,5,0.0435936204436712,0.0393519675974962,0.0098318402841393,6,9,0.2023031376048191,0.217228929191654,0.2009304691292593,0.7421602074496653,0.574211763318075,16.444444444444443,0.0669462344500524,10,v4_h10_mlp_rank_seed42_20260828_235200
mlp_rank,42,10,0.0435936204436712,0.0393519675974962,0.0098318402841393,7,9,0.042196659689758,0.0571224512765929,0.077663443570159,0.6673799731453052,0.2023793178809678,16.444444444444443,0.0669462344500524,10,v4_h10_mlp_rank_seed42_20260828_235200
mlp_rank,42,15,0.0435936204436712,0.0393519675974962,0.0098318402841393,6,9,0.0008519748570878,0.0157777664439228,0.0190491543796561,0.5771145705232621,-0.0083654439238763,16.444444444444443,0.0669462344500524,10,v4_h10_mlp_rank_seed42_20260828_235200
mlp_rank,42,20,0.0435936204436712,0.0393519675974962,0.0098318402841393,5,9,-0.0199397029102384,-0.0050139113234034,0.0135226522839699,0.5019583426728608,-0.1766782095252749,16.444444444444443,0.0669462344500524,10,v4_h10_mlp_rank_seed42_20260828_235200
mlp_rank,7,3,0.0328064316430628,0.0315362583234932,0.0088215122091842,7,9,0.2010077976814161,0.2159335892682511,0.0837056457138754,0.7904677891265047,0.4105588490883152,9.77777777777778,0.0690348915098612,10,v4_h10_mlp_rank_seed7_20260828_235120
mlp_rank,7,5,0.0328064316430628,0.0315362583234932,0.0088215122091842,7,9,0.1412967754271871,0.156222567014022,0.2937407567033329,0.7522364836759237,0.3593094031156083,9.77777777777778,0.0690348915098612,10,v4_h10_mlp_rank_seed7_20260828_235120
mlp_rank,7,10,0.0328064316430628,0.0315362583234932,0.0088215122091842,6,9,0.0564344462093304,0.0713602377961653,0.0641458227821543,0.66379332280321,0.0736782930522765,9.77777777777778,0.0690348915098612,10,v4_h10_mlp_rank_seed7_20260828_235120
mlp_rank,7,15,0.0328064316430628,0.0315362583234932,0.0088215122091842,6,9,0.0118500271020135,0.0267758186888485,0.0375082466966731,0.5755342231695127,-0.0667193733703155,9.77777777777778,0.0690348915098612,10,v4_h10_mlp_rank_seed7_20260828_235120
mlp_rank,7,20,0.0328064316430628,0.0315362583234932,0.0088215122091842,6,9,-0.0017477987723638,0.0131779928144711,0.032112038185176,0.4955982610828495,-0.0962123810791595,9.77777777777778,0.0690348915098612,10,v4_h10_mlp_rank_seed7_20260828_235120
mlp_rank,8765,3,0.0458173591512981,0.0525524746982097,0.0122926143224851,6,9,0.2326216162076212,0.2475474077944562,0.1940350287734566,0.7748469077628309,0.4692939733996398,13.555555555555555,0.0711559448547819,10,v4_h10_mlp_rank_seed8765_20260828_235429
mlp_rank,8765,5,0.0458173591512981,0.0525524746982097,0.0122926143224851,6,9,0.2728436471317468,0.2877694387185818,0.2048189067840276,0.7280802738221667,0.7322127740801501,13.555555555555555,0.0711559448547819,10,v4_h10_mlp_rank_seed8765_20260828_235429
mlp_rank,8765,10,0.0458173591512981,0.0525524746982097,0.0122926143224851,7,9,0.1519287629068384,0.1668545544936734,0.0808545723812251,0.626026698182676,0.558609824431532,13.555555555555555,0.0711559448547819,10,v4_h10_mlp_rank_seed8765_20260828_235429
mlp_rank,8765,15,0.0458173591512981,0.0525524746982097,0.0122926143224851,8,9,0.0822034162342779,0.0971292078211129,0.0701978220373666,0.5456178713304204,0.425227424442448,13.555555555555555,0.0711559448547819,10,v4_h10_mlp_rank_seed8765_20260828_235429
mlp_rank,8765,20,0.0458173591512981,0.0525524746982097,0.0122926143224851,7,9,0.0400113469530695,0.0549371385399044,0.0598909980544435,0.4807558023063115,0.1887605210536885,13.555555555555555,0.0711559448547819,10,v4_h10_mlp_rank_seed8765_20260828_235429
mlp_rank,9999,3,0.0363891649656461,0.0427761028716709,0.0093750857977417,7,9,0.2428840584091978,0.2578098499960328,0.3514722349141153,0.7801499773486251,0.6995016444664499,19.55555555555556,0.0665928406761446,10,v4_h10_mlp_rank_seed9999_20260828_235351
mlp_rank,9999,5,0.0363891649656461,0.0427761028716709,0.0093750857977417,8,9,0.2305355664938483,0.2454613580806832,0.2349716874829748,0.7398149184547776,0.7497320938926967,19.55555555555556,0.0665928406761446,10,v4_h10_mlp_rank_seed9999_20260828_235351
mlp_rank,9999,10,0.0363891649656461,0.0427761028716709,0.0093750857977417,6,9,0.0842880079948161,0.099213799581651,0.0516571128835783,0.65147172597847,0.3767447446807749,19.55555555555556,0.0665928406761446,10,v4_h10_mlp_rank_seed9999_20260828_235351
mlp_rank,9999,15,0.0363891649656461,0.0427761028716709,0.0093750857977417,6,9,0.0475511504572143,0.0624769420440492,0.0237516524657981,0.5851936217535737,0.2578910168602698,19.55555555555556,0.0665928406761446,10,v4_h10_mlp_rank_seed9999_20260828_235351
mlp_rank,9999,20,0.0363891649656461,0.0427761028716709,0.0093750857977417,5,9,0.0226706490946183,0.0375964406814533,0.0023080050198258,0.5094358867442049,0.1683352677719674,19.55555555555556,0.0665928406761446,10,v4_h10_mlp_rank_seed9999_20260828_235351
mlp_rank,123,3,0.0402256149865868,0.0365623319561932,0.0013049111710394,1,9,-0.5025610522271186,-0.5028072900359215,-0.6404471473869306,0.7282976644835268,-2.3569032583532623,24.0,0.0564210887589143,1,v4_h1_mlp_rank_seed123_20260828_233555
mlp_rank,123,5,0.0402256149865868,0.0365623319561932,0.0013049111710394,1,9,-0.5316319558624555,-0.5318781936712584,-0.6515711747717124,0.6747257960672942,-2.941933210179525,24.0,0.0564210887589143,1,v4_h1_mlp_rank_seed123_20260828_233555
mlp_rank,123,10,0.0402256149865868,0.0365623319561932,0.0013049111710394,0,9,-0.5451253455021757,-0.5453715833109788,-0.5889984865886343,0.5820571219852056,-3.930711708296704,24.0,0.0564210887589143,1,v4_h1_mlp_rank_seed123_20260828_233555
mlp_rank,123,15,0.0402256149865868,0.0365623319561932,0.0013049111710394,0,9,-0.5151401115316538,-0.5153863493404568,-0.5314341194646449,0.5034260582598302,-4.219566558411065,24.0,0.0564210887589143,1,v4_h1_mlp_rank_seed123_20260828_233555
mlp_rank,123,20,0.0402256149865868,0.0365623319561932,0.0013049111710394,0,9,-0.4745641617563872,-0.4748103995651901,-0.4884968903596839,0.4306927904613042,-4.160410445226201,24.0,0.0564210887589143,1,v4_h1_mlp_rank_seed123_20260828_233555
mlp_rank,1,3,0.0375234817434975,0.0370739249548419,0.0010328759255746,0,9,-0.6138219243502623,-0.6140681621590652,-0.6290600217625513,0.7065429387121975,-2.809236198833991,21.22222222222222,0.0580696191956076,1,v4_h1_mlp_rank_seed1_20260828_233555
mlp_rank,1,5,0.0375234817434975,0.0370739249548419,0.0010328759255746,0,9,-0.5754124181603549,-0.5756586559691579,-0.6058446190962014,0.6558853551356865,-3.113406936142664,21.22222222222222,0.0580696191956076,1,v4_h1_mlp_rank_seed1_20260828_233555
mlp_rank,1,10,0.0375234817434975,0.0370739249548419,0.0010328759255746,0,9,-0.551186241862277,-0.55143247967108,-0.5874184225898905,0.5535806694560423,-3.9229115846003535,21.22222222222222,0.0580696191956076,1,v4_h1_mlp_rank_seed1_20260828_233555
mlp_rank,1,15,0.0375234817434975,0.0370739249548419,0.0010328759255746,0,9,-0.5224560691920316,-0.5227023070008345,-0.4991205379883394,0.4814818354766526,-4.192114362548512,21.22222222222222,0.0580696191956076,1,v4_h1_mlp_rank_seed1_20260828_233555
mlp_rank,1,20,0.0375234817434975,0.0370739249548419,0.0010328759255746,0,9,-0.4837091820721153,-0.4839554198809181,-0.492853056385468,0.4142050167098171,-4.209864977563519,21.22222222222222,0.0580696191956076,1,v4_h1_mlp_rank_seed1_20260828_233555
mlp_rank,2026,3,0.0406623194345803,0.0438224940554066,0.0011903364975205,0,9,-0.5408523506522386,-0.5410985884610415,-0.4544483444347861,0.7064799148853644,-2.5563217658955217,20.11111111111111,0.0578618702698268,1,v4_h1_mlp_rank_seed2026_20260828_233849
mlp_rank,2026,5,0.0406623194345803,0.0438224940554066,0.0011903364975205,0,9,-0.5276840063554998,-0.5279302441643028,-0.4686782836075217,0.6495323981252462,-2.904003127172483,20.11111111111111,0.0578618702698268,1,v4_h1_mlp_rank_seed2026_20260828_233849
mlp_rank,2026,10,0.0406623194345803,0.0438224940554066,0.0011903364975205,0,9,-0.542570727487301,-0.5428169652961039,-0.6067980019403753,0.571173768524041,-3.8524335567337338,20.11111111111111,0.0578618702698268,1,v4_h1_mlp_rank_seed2026_20260828_233849
mlp_rank,2026,15,0.0406623194345803,0.0438224940554066,0.0011903364975205,0,9,-0.5273761976943264,-0.5276224355031293,-0.5583002807591153,0.4974740071199274,-4.217124130829771,20.11111111111111,0.0578618702698268,1,v4_h1_mlp_rank_seed2026_20260828_233849
mlp_rank,2026,20,0.0406623194345803,0.0438224940554066,0.0011903364975205,0,9,-0.4868485085565243,-0.4870947463653272,-0.4976661361463869,0.4284299056910507,-4.087333645709329,20.11111111111111,0.0578618702698268,1,v4_h1_mlp_rank_seed2026_20260828_233849
mlp_rank,3407,3,0.041718927060986,0.0397622476839577,0.0013402545530859,1,9,-0.5332465236825749,-0.5334927614913778,-0.6279656130310148,0.7175437145535547,-2.533967765048328,16.22222222222222,0.0594983414840765,1,v4_h1_mlp_rank_seed3407_20260828_233853
mlp_rank,3407,5,0.041718927060986,0.0397622476839577,0.0013402545530859,0,9,-0.5802610309228211,-0.580507268731624,-0.5766188253111594,0.6589541745173088,-3.3568403641051336,16.22222222222222,0.0594983414840765,1,v4_h1_mlp_rank_seed3407_20260828_233853
mlp_rank,3407,10,0.041718927060986,0.0397622476839577,0.0013402545530859,0,9,-0.5449137104524738,-0.5451599482612768,-0.4893343671606064,0.5646920135557738,-4.038418605536529,16.22222222222222,0.0594983414840765,1,v4_h1_mlp_rank_seed3407_20260828_233853
mlp_rank,3407,15,0.041718927060986,0.0397622476839577,0.0013402545530859,0,9,-0.4897375046810955,-0.4899837424898984,-0.4766567347700711,0.486967185693959,-3.9642951979867953,16.22222222222222,0.0594983414840765,1,v4_h1_mlp_rank_seed3407_20260828_233853
mlp_rank,3407,20,0.041718927060986,0.0397622476839577,0.0013402545530859,0,9,-0.4640140395430796,-0.4642602773518825,-0.4311282777034751,0.4132008729551906,-3.9790578713928304,16.22222222222222,0.0594983414840765,1,v4_h1_mlp_rank_seed3407_20260828_233853
mlp_rank,42,3,0.0412031700412803,0.0394834281416524,0.0013884826448796,0,9,-0.5285028831344972,-0.5287491209433001,-0.6030062507243069,0.6987056430819205,-2.280652015827543,21.11111111111111,0.0544604515597621,1,v4_h1_mlp_rank_seed42_20260828_233555
mlp_rank,42,5,0.0412031700412803,0.0394834281416524,0.0013884826448796,1,9,-0.4975417543215388,-0.4977879921303416,-0.5622424759457897,0.6411875455342296,-2.627207038440849,21.11111111111111,0.0544604515597621,1,v4_h1_mlp_rank_seed42_20260828_233555
mlp_rank,42,10,0.0412031700412803,0.0394834281416524,0.0013884826448796,0,9,-0.5120716286863741,-0.512317866495177,-0.5284883631570446,0.5503742388660304,-3.616843074335299,21.11111111111111,0.0544604515597621,1,v4_h1_mlp_rank_seed42_20260828_233555
mlp_rank,42,15,0.0412031700412803,0.0394834281416524,0.0013884826448796,0,9,-0.4908923477570946,-0.4911385855658976,-0.5178056137915434,0.4832566800366841,-3.995216453965513,21.11111111111111,0.0544604515597621,1,v4_h1_mlp_rank_seed42_20260828_233555
mlp_rank,42,20,0.0412031700412803,0.0394834281416524,0.0013884826448796,0,9,-0.4559746437917095,-0.4562208816005124,-0.4707071770521207,0.4178625192594085,-3.9132777675987303,21.11111111111111,0.0544604515597621,1,v4_h1_mlp_rank_seed42_20260828_233555
mlp_rank,7,3,0.0399641751734974,0.0452946159258634,0.0013503017361253,0,9,-0.5031976347169782,-0.5034438725257813,-0.5002071097115313,0.7318246359794973,-2.4142994602507173,25.0,0.0574393351983579,1,v4_h1_mlp_rank_seed7_20260828_233555
mlp_rank,7,5,0.0399641751734974,0.0452946159258634,0.0013503017361253,1,9,-0.506096029401235,-0.5063422672100378,-0.5536272840232683,0.6795287945129549,-2.812321898662943,25.0,0.0574393351983579,1,v4_h1_mlp_rank_seed7_20260828_233555
mlp_rank,7,10,0.0399641751734974,0.0452946159258634,0.0013503017361253,0,9,-0.5552857194202956,-0.5555319572290984,-0.5860021435137387,0.5823311589685443,-3.930796875387769,25.0,0.0574393351983579,1,v4_h1_mlp_rank_seed7_20260828_233555
mlp_rank,7,15,0.0399641751734974,0.0452946159258634,0.0013503017361253,0,9,-0.5065508326379519,-0.5067970704467548,-0.5280275458412036,0.5071921836623072,-4.057218869505104,25.0,0.0574393351983579,1,v4_h1_mlp_rank_seed7_20260828_233555
mlp_rank,7,20,0.0399641751734974,0.0452946159258634,0.0013503017361253,0,9,-0.4743250403952797,-0.4745712782040825,-0.4764035597617175,0.4332627174542081,-4.023851352222288,25.0,0.0574393351983579,1,v4_h1_mlp_rank_seed7_20260828_233555
mlp_rank,8765,3,0.0369784527912299,0.0284646882087259,0.0009035890469775,0,9,-0.656727197220013,-0.6569734350288159,-0.734985823475096,0.7346767965790171,-3.5423086139008766,20.11111111111111,0.0588285887303081,1,v4_h1_mlp_rank_seed8765_20260828_233848
mlp_rank,8765,5,0.0369784527912299,0.0284646882087259,0.0009035890469775,0,9,-0.603956119155614,-0.6042023569644169,-0.6128993514441101,0.67785012814867,-3.9341161844598775,20.11111111111111,0.0588285887303081,1,v4_h1_mlp_rank_seed8765_20260828_233848
mlp_rank,8765,10,0.0369784527912299,0.0284646882087259,0.0009035890469775,0,9,-0.5707604347035242,-0.5710066725123271,-0.5830816909760094,0.5717460666768376,-4.378476291326221,20.11111111111111,0.0588285887303081,1,v4_h1_mlp_rank_seed8765_20260828_233848
mlp_rank,8765,15,0.0369784527912299,0.0284646882087259,0.0009035890469775,0,9,-0.51260132604039,-0.512847563849193,-0.506769910755386,0.4904814297433918,-4.2612413913749165,20.11111111111111,0.0588285887303081,1,v4_h1_mlp_rank_seed8765_20260828_233848
mlp_rank,8765,20,0.0369784527912299,0.0284646882087259,0.0009035890469775,0,9,-0.4617251782218063,-0.4619714160306092,-0.486145945609979,0.4208125161522378,-3.999985074407759,20.11111111111111,0.0588285887303081,1,v4_h1_mlp_rank_seed8765_20260828_233848
mlp_rank,9999,3,0.0367751107827844,0.0391015777116132,0.0007684305465491,0,9,-0.581429379976556,-0.5816756177853589,-0.6327745960906614,0.7489500920445393,-2.768670820455558,22.88888888888889,0.0597886300865002,1,v4_h1_mlp_rank_seed9999_20260828_233847
mlp_rank,9999,5,0.0367751107827844,0.0391015777116132,0.0007684305465491,0,9,-0.604297017718069,-0.6045432555268718,-0.6290181737075207,0.6829943014283999,-3.3488999654954794,22.88888888888889,0.0597886300865002,1,v4_h1_mlp_rank_seed9999_20260828_233847
mlp_rank,9999,10,0.0367751107827844,0.0391015777116132,0.0007684305465491,0,9,-0.5701489866120188,-0.5703952244208217,-0.6567937526458366,0.5720224363033797,-4.077546685543159,22.88888888888889,0.0597886300865002,1,v4_h1_mlp_rank_seed9999_20260828_233847
mlp_rank,9999,15,0.0367751107827844,0.0391015777116132,0.0007684305465491,0,9,-0.533720685248528,-0.533966923057331,-0.5786607780011072,0.4934940566213118,-4.301631258572185,22.88888888888889,0.0597886300865002,1,v4_h1_mlp_rank_seed9999_20260828_233847
mlp_rank,9999,20,0.0367751107827844,0.0391015777116132,0.0007684305465491,0,9,-0.4841750688767555,-0.4844213066855584,-0.5135910136565413,0.4250738896800148,-4.110034215437516,22.88888888888889,0.0597886300865002,1,v4_h1_mlp_rank_seed9999_20260828_233847
mlp_rank,123,3,0.0313663799278649,0.0443864338404929,0.0140421334451458,4,9,0.2842474181055025,0.3151467821601735,-0.0554643849496505,0.7555117953245941,0.4125312826948952,14.22222222222222,0.0862300533574845,20,v4_h20_mlp_rank_seed123_20260828_235626
mlp_rank,123,5,0.0313663799278649,0.0443864338404929,0.0140421334451458,4,9,0.1380777344923719,0.168977098547043,-0.0456572263113468,0.7540411160622891,0.1455904117433518,14.22222222222222,0.0862300533574845,20,v4_h20_mlp_rank_seed123_20260828_235626
mlp_rank,123,10,0.0313663799278649,0.0443864338404929,0.0140421334451458,5,9,0.0379165589023822,0.0688159229570532,0.143905772521668,0.6819887363360165,-0.0635047921457625,14.22222222222222,0.0862300533574845,20,v4_h20_mlp_rank_seed123_20260828_235626
mlp_rank,123,15,0.0313663799278649,0.0443864338404929,0.0140421334451458,5,9,0.0480570859154304,0.0789564499701014,0.1106027056494545,0.6030169889094338,0.1531398424391427,14.22222222222222,0.0862300533574845,20,v4_h20_mlp_rank_seed123_20260828_235626
mlp_rank,123,20,0.0313663799278649,0.0443864338404929,0.0140421334451458,5,9,0.0078535804724394,0.0387529445271104,0.1535024723653918,0.5213144883399335,0.0954931233687686,14.22222222222222,0.0862300533574845,20,v4_h20_mlp_rank_seed123_20260828_235626
mlp_rank,1,3,0.0612790399844732,0.0642977816812721,0.0208034154593751,7,9,0.2528464353158255,0.2837457993704966,0.4523814600859837,0.7988610845400541,0.6471659675732668,15.666666666666666,0.084605438871434,20,v4_h20_mlp_rank_seed1_20260828_235647
mlp_rank,1,5,0.0612790399844732,0.0642977816812721,0.0208034154593751,6,9,0.1376261357273926,0.1685254997820637,0.0625392795415376,0.7425244400973755,0.5069841730048634,15.666666666666666,0.084605438871434,20,v4_h20_mlp_rank_seed1_20260828_235647
mlp_rank,1,10,0.0612790399844732,0.0642977816812721,0.0208034154593751,6,9,0.0962467923051319,0.1271461563598029,0.0922924700293041,0.6704899924546504,0.2456187633073367,15.666666666666666,0.084605438871434,20,v4_h20_mlp_rank_seed1_20260828_235647
mlp_rank,1,15,0.0612790399844732,0.0642977816812721,0.0208034154593751,6,9,0.0643619703520746,0.0952613344067457,0.1434169390421182,0.6011592505371489,0.1924443279376972,15.666666666666666,0.084605438871434,20,v4_h20_mlp_rank_seed1_20260828_235647
mlp_rank,1,20,0.0612790399844732,0.0642977816812721,0.0208034154593751,6,9,0.0237494702120083,0.0546488342666793,0.117689884479191,0.5283684816204944,0.0415674642378989,15.666666666666666,0.084605438871434,20,v4_h20_mlp_rank_seed1_20260828_235647
mlp_rank,2026,3,0.054107651612992,0.0564607908508065,0.0204562065665672,5,9,0.2361717087511619,0.267071072805833,0.2629455766287747,0.8016217645470491,0.4893312546501602,15.11111111111111,0.0781639562883253,20,v4_h20_mlp_rank_seed2026_20260828_235916
mlp_rank,2026,5,0.054107651612992,0.0564607908508065,0.0204562065665672,5,9,0.1007861883957017,0.1316855524503728,0.1656241988367561,0.7399991873278897,0.3863637141686792,15.11111111111111,0.0781639562883253,20,v4_h20_mlp_rank_seed2026_20260828_235916
mlp_rank,2026,10,0.054107651612992,0.0564607908508065,0.0204562065665672,6,9,0.1105038706069342,0.1414032346616053,0.189606782257669,0.6525602708200637,0.5569318645046276,15.11111111111111,0.0781639562883253,20,v4_h20_mlp_rank_seed2026_20260828_235916
mlp_rank,2026,15,0.054107651612992,0.0564607908508065,0.0204562065665672,6,9,0.0889118662281274,0.1198112302827985,0.1835873415741957,0.5762503206632552,0.3865674859316781,15.11111111111111,0.0781639562883253,20,v4_h20_mlp_rank_seed2026_20260828_235916
mlp_rank,2026,20,0.054107651612992,0.0564607908508065,0.0204562065665672,6,9,0.0626891963316971,0.0935885603863681,0.1607223395689304,0.507520292962669,0.2697523987683619,15.11111111111111,0.0781639562883253,20,v4_h20_mlp_rank_seed2026_20260828_235916
mlp_rank,3407,3,0.0432139930047048,0.0507396113164484,0.0166515553427547,6,9,0.2199273404012491,0.2508267044559201,0.1409358879592948,0.7587159298488622,0.3571102620220878,20.11111111111111,0.0756340234514065,20,v4_h20_mlp_rank_seed3407_20260828_235849
mlp_rank,3407,5,0.0432139930047048,0.0507396113164484,0.0166515553427547,6,9,0.0830895977594226,0.1139889618140937,0.1423995734767995,0.7432768614243327,0.0866103042626126,20.11111111111111,0.0756340234514065,20,v4_h20_mlp_rank_seed3407_20260828_235849
mlp_rank,3407,10,0.0432139930047048,0.0507396113164484,0.0166515553427547,6,9,0.0391092177805552,0.0700085818352262,0.1013437298935857,0.6675606388984745,0.1162293366849894,20.11111111111111,0.0756340234514065,20,v4_h20_mlp_rank_seed3407_20260828_235849
mlp_rank,3407,15,0.0432139930047048,0.0507396113164484,0.0166515553427547,6,9,0.0368054229881961,0.0677047870428671,0.1115794803240146,0.5931354570663572,0.0709587409004381,20.11111111111111,0.0756340234514065,20,v4_h20_mlp_rank_seed3407_20260828_235849
mlp_rank,3407,20,0.0432139930047048,0.0507396113164484,0.0166515553427547,6,9,0.0026131087920377,0.0335124728467088,0.1318748995987767,0.5321074991072982,0.082725999057973,20.11111111111111,0.0756340234514065,20,v4_h20_mlp_rank_seed3407_20260828_235849
mlp_rank,42,3,0.0596323353979748,0.0692429003037812,0.0223538625359425,5,9,0.0842018015914666,0.1151011656461376,0.0605262683675265,0.775009253149942,0.0593263591828666,12.555555555555555,0.0802919613197663,20,v4_h20_mlp_rank_seed42_20260828_235654
mlp_rank,42,5,0.0596323353979748,0.0692429003037812,0.0223538625359425,6,9,0.1213070579245796,0.1522064219792507,0.1518890022033283,0.7385023592556847,0.1040868590687176,12.555555555555555,0.0802919613197663,20,v4_h20_mlp_rank_seed42_20260828_235654
mlp_rank,42,10,0.0596323353979748,0.0692429003037812,0.0223538625359425,5,9,0.0540471161100375,0.0849464801647085,0.1518053562957741,0.6509805166071493,-0.0601564202692734,12.555555555555555,0.0802919613197663,20,v4_h20_mlp_rank_seed42_20260828_235654
mlp_rank,42,15,0.0596323353979748,0.0692429003037812,0.0223538625359425,5,9,0.0233428475424726,0.0542422115971437,0.159857618002863,0.5842958492950431,0.023699191996436,12.555555555555555,0.0802919613197663,20,v4_h20_mlp_rank_seed42_20260828_235654
mlp_rank,42,20,0.0596323353979748,0.0692429003037812,0.0223538625359425,5,9,-0.0026186211294366,0.0282807429252344,0.1287295137821047,0.4999991997364599,-0.0331394041246925,12.555555555555555,0.0802919613197663,20,v4_h20_mlp_rank_seed42_20260828_235654
mlp_rank,7,3,0.0413715334303058,0.0565487299241783,0.0131501265611506,5,9,0.174444866441491,0.205344230496162,0.2068131608298016,0.7515071179897878,0.2559613157117262,17.333333333333332,0.081262702987414,20,v4_h20_mlp_rank_seed7_20260828_235614
mlp_rank,7,5,0.0413715334303058,0.0565487299241783,0.0131501265611506,6,9,0.1283642050762304,0.1592635691309014,0.2202120136151413,0.7429270231281899,0.2563313049596599,17.333333333333332,0.081262702987414,20,v4_h20_mlp_rank_seed7_20260828_235614
mlp_rank,7,10,0.0413715334303058,0.0565487299241783,0.0131501265611506,6,9,0.0947264163918103,0.1256257804464813,0.1158911120027269,0.6496837601674913,0.1114390714455465,17.333333333333332,0.081262702987414,20,v4_h20_mlp_rank_seed7_20260828_235614
mlp_rank,7,15,0.0413715334303058,0.0565487299241783,0.0131501265611506,6,9,0.0409535332954732,0.0718528973501442,0.065745509268865,0.5898960779505829,0.0511503711918969,17.333333333333332,0.081262702987414,20,v4_h20_mlp_rank_seed7_20260828_235614
mlp_rank,7,20,0.0413715334303058,0.0565487299241783,0.0131501265611506,5,9,0.0001317048940404,0.0310310689487114,0.0618978166362709,0.5115805853098625,-0.1489433019361864,17.333333333333332,0.081262702987414,20,v4_h20_mlp_rank_seed7_20260828_235614
mlp_rank,8765,3,0.0365697428258482,0.0506333516013497,0.0147545238975033,5,9,0.181201369670291,0.212100733724962,0.1415942143847759,0.7586865231224391,0.1202912863897478,11.444444444444445,0.0795962589224791,20,v4_h20_mlp_rank_seed8765_20260828_235914
mlp_rank,8765,5,0.0365697428258482,0.0506333516013497,0.0147545238975033,6,9,0.082385479512815,0.113284843567486,0.1762319754162973,0.7377536079202714,-0.0222504800165357,11.444444444444445,0.0795962589224791,20,v4_h20_mlp_rank_seed8765_20260828_235914
mlp_rank,8765,10,0.0365697428258482,0.0506333516013497,0.0147545238975033,5,9,0.0581192137604155,0.0890185778150866,0.0804226543865502,0.6293344670112023,-0.0509333524735642,11.444444444444445,0.0795962589224791,20,v4_h20_mlp_rank_seed8765_20260828_235914
mlp_rank,8765,15,0.0365697428258482,0.0506333516013497,0.0147545238975033,5,9,0.0254402893001744,0.0563396533548455,0.2102727117480505,0.5672749328723722,-0.0191433163481399,11.444444444444445,0.0795962589224791,20,v4_h20_mlp_rank_seed8765_20260828_235914
mlp_rank,8765,20,0.0365697428258482,0.0506333516013497,0.0147545238975033,5,9,0.0023848085067022,0.0332841725613733,0.1630600927501618,0.5002636638928563,0.0339885604031426,11.444444444444445,0.0795962589224791,20,v4_h20_mlp_rank_seed8765_20260828_235914
mlp_rank,9999,3,0.0432667645794624,0.0348312420621205,0.0168247018235357,5,9,0.1715132610114203,0.2024126250660914,0.2450269697200162,0.806683475915102,0.3583687202500834,11.0,0.0995289333282895,20,v4_h20_mlp_rank_seed9999_20260828_235850
mlp_rank,9999,5,0.0432667645794624,0.0348312420621205,0.0168247018235357,5,9,0.1487580468751937,0.1796574109298648,0.2533560463469155,0.7643120698957052,0.1620436876210976,11.0,0.0995289333282895,20,v4_h20_mlp_rank_seed9999_20260828_235850
mlp_rank,9999,10,0.0432667645794624,0.0348312420621205,0.0168247018235357,6,9,0.0965569692847061,0.1274563333393772,0.1383463210636528,0.658091497173416,0.3292876136804604,11.0,0.0995289333282895,20,v4_h20_mlp_rank_seed9999_20260828_235850
mlp_rank,9999,15,0.0432667645794624,0.0348312420621205,0.0168247018235357,6,9,0.0897902253452493,0.1206895893999204,0.2050136681716343,0.5742257189210638,0.2217595635305525,11.0,0.0995289333282895,20,v4_h20_mlp_rank_seed9999_20260828_235850
mlp_rank,9999,20,0.0432667645794624,0.0348312420621205,0.0168247018235357,6,9,0.045928619967894,0.076827984022565,0.1009380197039371,0.5067704242708984,0.1495064620447972,11.0,0.0995289333282895,20,v4_h20_mlp_rank_seed9999_20260828_235850
mlp_rank,123,3,0.0367271582414149,0.0354033213794395,0.0022874700235024,1,9,-0.2074385687272198,-0.2003532519625345,-0.2708780141890765,0.8200777304475282,-1.0432557373297209,15.11111111111111,0.0591396177782768,3,v4_h3_mlp_rank_seed123_20260828_234140
mlp_rank,123,5,0.0367271582414149,0.0354033213794395,0.0022874700235024,1,9,-0.1997277853745581,-0.1926424686098728,-0.194685648381224,0.7625359327027328,-1.0224330685894818,15.11111111111111,0.0591396177782768,3,v4_h3_mlp_rank_seed123_20260828_234140
mlp_rank,123,10,0.0367271582414149,0.0354033213794395,0.0022874700235024,1,9,-0.2052241687483852,-0.1981388519837,-0.2219058419959283,0.6676467499749614,-1.3569270586756017,15.11111111111111,0.0591396177782768,3,v4_h3_mlp_rank_seed123_20260828_234140
mlp_rank,123,15,0.0367271582414149,0.0354033213794395,0.0022874700235024,1,9,-0.1976470957897278,-0.1905617790250425,-0.1752725183140242,0.577899158836166,-1.3744510469609947,15.11111111111111,0.0591396177782768,3,v4_h3_mlp_rank_seed123_20260828_234140
mlp_rank,123,20,0.0367271582414149,0.0354033213794395,0.0022874700235024,1,9,-0.1839430754857399,-0.1768577587210546,-0.1958915884016168,0.4913479477969292,-1.3098332381993163,15.11111111111111,0.0591396177782768,3,v4_h3_mlp_rank_seed123_20260828_234140
mlp_rank,1,3,0.0383560941883679,0.0375697642465686,0.0024344391986949,2,9,-0.2230232298903779,-0.2159379131256926,-0.1307394096579786,0.8120911917121441,-0.9044349060826437,14.555555555555555,0.0618227853717955,3,v4_h3_mlp_rank_seed1_20260828_234137
mlp_rank,1,5,0.0383560941883679,0.0375697642465686,0.0024344391986949,2,9,-0.2124938988065692,-0.2054085820418839,-0.1918474093114373,0.7611807078172065,-0.9116554158510102,14.555555555555555,0.0618227853717955,3,v4_h3_mlp_rank_seed1_20260828_234137
mlp_rank,1,10,0.0383560941883679,0.0375697642465686,0.0024344391986949,1,9,-0.2218976579072477,-0.2148123411425624,-0.1789537242525145,0.6393686967764165,-1.2547457387806615,14.555555555555555,0.0618227853717955,3,v4_h3_mlp_rank_seed1_20260828_234137
mlp_rank,1,15,0.0383560941883679,0.0375697642465686,0.0024344391986949,2,9,-0.1936222748649932,-0.1865369581003079,-0.1270565062680959,0.5590149795555172,-1.2609332707372305,14.555555555555555,0.0618227853717955,3,v4_h3_mlp_rank_seed1_20260828_234137
mlp_rank,1,20,0.0383560941883679,0.0375697642465686,0.0024344391986949,1,9,-0.1884904477177746,-0.1814051309530893,-0.0990123321446694,0.4772524961030833,-1.3125044388032217,14.555555555555555,0.0618227853717955,3,v4_h3_mlp_rank_seed1_20260828_234137
mlp_rank,2026,3,0.0399986516501322,0.0496022958655355,0.0038090148275435,4,9,-0.066431181563069,-0.0593458647983837,-0.1576316685104822,0.7959671477355958,-0.4422556934802508,20.77777777777778,0.0603353008920653,3,v4_h3_mlp_rank_seed2026_20260828_234407
mlp_rank,2026,5,0.0399986516501322,0.0496022958655355,0.0038090148275435,4,9,-0.0635401572673781,-0.0564548405026928,-0.0037068410782219,0.746368418569203,-0.5261355708834908,20.77777777777778,0.0603353008920653,3,v4_h3_mlp_rank_seed2026_20260828_234407
mlp_rank,2026,10,0.0399986516501322,0.0496022958655355,0.0038090148275435,4,9,-0.107676859881318,-0.1005915431166327,-0.0725675113951481,0.6343418001853821,-0.6713029344296335,20.77777777777778,0.0603353008920653,3,v4_h3_mlp_rank_seed2026_20260828_234407
mlp_rank,2026,15,0.0399986516501322,0.0496022958655355,0.0038090148275435,3,9,-0.1194561635140897,-0.1123708467494044,-0.0723726945421121,0.5476405545134343,-0.7811207514431372,20.77777777777778,0.0603353008920653,3,v4_h3_mlp_rank_seed2026_20260828_234407
mlp_rank,2026,20,0.0399986516501322,0.0496022958655355,0.0038090148275435,3,9,-0.1167282673151708,-0.1096429505504855,-0.0992396038272613,0.4784411226091754,-0.7606270235437722,20.77777777777778,0.0603353008920653,3,v4_h3_mlp_rank_seed2026_20260828_234407
mlp_rank,3407,3,0.0406055505809952,0.045304197048188,0.0031960226213941,4,9,-0.1026933564251923,-0.095608039660507,-0.0135902114845526,0.8104893384768028,-0.4409826293721876,11.22222222222222,0.0580507540316774,3,v4_h3_mlp_rank_seed3407_20260828_234415
mlp_rank,3407,5,0.0406055505809952,0.045304197048188,0.0031960226213941,2,9,-0.137682891643737,-0.1305975748790517,-0.092854200898883,0.745113489005214,-0.8113603249786192,11.22222222222222,0.0580507540316774,3,v4_h3_mlp_rank_seed3407_20260828_234415
mlp_rank,3407,10,0.0406055505809952,0.045304197048188,0.0031960226213941,1,9,-0.1839816466632302,-0.1768963298985449,-0.1955832995389133,0.6451724945183726,-1.1819251197233185,11.22222222222222,0.0580507540316774,3,v4_h3_mlp_rank_seed3407_20260828_234415
mlp_rank,3407,15,0.0406055505809952,0.045304197048188,0.0031960226213941,1,9,-0.1533491194528228,-0.1462638026881375,-0.1299790157648855,0.5656050068802324,-1.0731100414463892,11.22222222222222,0.0580507540316774,3,v4_h3_mlp_rank_seed3407_20260828_234415
mlp_rank,3407,20,0.0406055505809952,0.045304197048188,0.0031960226213941,1,9,-0.1400583542069865,-0.1329730374423012,-0.0792874265139336,0.4908724719173361,-1.0214568429305408,11.22222222222222,0.0580507540316774,3,v4_h3_mlp_rank_seed3407_20260828_234415
mlp_rank,42,3,0.0384276271953918,0.0422842647289625,0.0032807365441838,2,9,-0.0534285028991447,-0.0463431861344594,-0.1379776969459574,0.7934292353958581,-0.1221887058274814,17.88888888888889,0.0602583550206889,3,v4_h3_mlp_rank_seed42_20260828_234135
mlp_rank,42,5,0.0384276271953918,0.0422842647289625,0.0032807365441838,1,9,-0.0783577825433796,-0.0712724657786943,-0.1067572698610397,0.7451857387553966,-0.3762089249373599,17.88888888888889,0.0602583550206889,3,v4_h3_mlp_rank_seed42_20260828_234135
mlp_rank,42,10,0.0384276271953918,0.0422842647289625,0.0032807365441838,1,9,-0.1027759263059852,-0.0956906095413,-0.1021422674657331,0.6407383900156963,-0.6621664918890129,17.88888888888889,0.0602583550206889,3,v4_h3_mlp_rank_seed42_20260828_234135
mlp_rank,42,15,0.0384276271953918,0.0422842647289625,0.0032807365441838,1,9,-0.1490431984225572,-0.141957881657872,-0.1334792623683252,0.547356627071149,-1.0045091088904412,17.88888888888889,0.0602583550206889,3,v4_h3_mlp_rank_seed42_20260828_234135
mlp_rank,42,20,0.0384276271953918,0.0422842647289625,0.0032807365441838,1,9,-0.1323264033975877,-0.1252410866329024,-0.0734678006500318,0.4684293500435074,-0.9428379844785,17.88888888888889,0.0602583550206889,3,v4_h3_mlp_rank_seed42_20260828_234135
mlp_rank,7,3,0.039634108330578,0.0451653266063905,0.0032618350906888,2,9,-0.1058660089731929,-0.0987806922085076,-0.1492575728146852,0.8124002581932211,-0.3862429851673056,17.333333333333332,0.0601661588170831,3,v4_h3_mlp_rank_seed7_20260828_234134
mlp_rank,7,5,0.039634108330578,0.0451653266063905,0.0032618350906888,1,9,-0.0997223642880717,-0.0926370475233864,-0.1116705839571319,0.7637368316318415,-0.4923380784445068,17.333333333333332,0.0601661588170831,3,v4_h3_mlp_rank_seed7_20260828_234134
mlp_rank,7,10,0.039634108330578,0.0451653266063905,0.0032618350906888,1,9,-0.1668310683118148,-0.1597457515471295,-0.0752279429517464,0.6669899131915374,-0.9006026130188229,17.333333333333332,0.0601661588170831,3,v4_h3_mlp_rank_seed7_20260828_234134
mlp_rank,7,15,0.039634108330578,0.0451653266063905,0.0032618350906888,1,9,-0.1752970898247813,-0.168211773060096,-0.0968460087192104,0.5777553849794139,-1.1238877476515907,17.333333333333332,0.0601661588170831,3,v4_h3_mlp_rank_seed7_20260828_234134
mlp_rank,7,20,0.039634108330578,0.0451653266063905,0.0032618350906888,1,9,-0.1758921664919521,-0.1688068497272668,-0.0892566626084003,0.4953421050955198,-1.149368175265089,17.333333333333332,0.0601661588170831,3,v4_h3_mlp_rank_seed7_20260828_234134
mlp_rank,8765,3,0.0372161186602989,0.0431577022486073,0.0031289907994155,1,9,-0.1724286907564976,-0.1653433739918123,-0.1823066949785352,0.8078107486252053,-0.6223461170065997,16.11111111111111,0.057887973979163,3,v4_h3_mlp_rank_seed8765_20260828_234417
mlp_rank,8765,5,0.0372161186602989,0.0431577022486073,0.0031289907994155,1,9,-0.1485979673626493,-0.141512650597964,-0.1538410774811542,0.7604491274795324,-0.6717728942105383,16.11111111111111,0.057887973979163,3,v4_h3_mlp_rank_seed8765_20260828_234417
mlp_rank,8765,10,0.0372161186602989,0.0431577022486073,0.0031289907994155,1,9,-0.1698700245849882,-0.1627847078203029,-0.1214283718593276,0.6631531715403826,-0.991469280959404,16.11111111111111,0.057887973979163,3,v4_h3_mlp_rank_seed8765_20260828_234417
mlp_rank,8765,15,0.0372161186602989,0.0431577022486073,0.0031289907994155,2,9,-0.1498251421995001,-0.1427398254348147,-0.0983048953378631,0.5730738723456549,-0.8951458948377015,16.11111111111111,0.057887973979163,3,v4_h3_mlp_rank_seed8765_20260828_234417
mlp_rank,8765,20,0.0372161186602989,0.0431577022486073,0.0031289907994155,2,9,-0.1589658411041871,-0.1518805243395019,-0.1259279138497657,0.4906044344742475,-1.019853299314117,16.11111111111111,0.057887973979163,3,v4_h3_mlp_rank_seed8765_20260828_234417
mlp_rank,9999,3,0.0411221917897269,0.0442566838932833,0.0031211126854514,2,9,-0.1392354945140377,-0.1321501777493524,-0.1178631491239396,0.8120833847653766,-0.8700707310378237,13.444444444444445,0.0624764342800263,3,v4_h3_mlp_rank_seed9999_20260828_234406
mlp_rank,9999,5,0.0411221917897269,0.0442566838932833,0.0031211126854514,2,9,-0.19467821338684,-0.1875928966221546,-0.1725341886050849,0.7562911051143517,-1.1393515015111575,13.444444444444445,0.0624764342800263,3,v4_h3_mlp_rank_seed9999_20260828_234406
mlp_rank,9999,10,0.0411221917897269,0.0442566838932833,0.0031211126854514,1,9,-0.1929656314013603,-0.185880314636675,-0.1721006551399742,0.6500124003990831,-1.2851693223348626,13.444444444444445,0.0624764342800263,3,v4_h3_mlp_rank_seed9999_20260828_234406
mlp_rank,9999,15,0.0411221917897269,0.0442566838932833,0.0031211126854514,1,9,-0.1464286976232117,-0.1393433808585265,-0.1179277179848907,0.5603803433060829,-1.034180160050032,13.444444444444445,0.0624764342800263,3,v4_h3_mlp_rank_seed9999_20260828_234406
mlp_rank,9999,20,0.0411221917897269,0.0442566838932833,0.0031211126854514,1,9,-0.1568610628286889,-0.1497757460640036,-0.1613810762621612,0.476088119156308,-1.1505011055200138,13.444444444444445,0.0624764342800263,3,v4_h3_mlp_rank_seed9999_20260828_234406
mlp_rank,123,3,0.0411139614142329,0.0401177247353932,0.0043638568858124,3,9,-0.102376385481366,-0.0924978497995002,-0.1038004949285695,0.8464272002616311,-0.3281432561055424,10.666666666666666,0.0621732904985813,5,v4_h5_mlp_rank_seed123_20260828_234632
mlp_rank,123,5,0.0411139614142329,0.0401177247353932,0.0043638568858124,2,9,-0.0890240650276073,-0.0791455293457415,-0.0741465142557846,0.7922658227743766,-0.4139380277925242,10.666666666666666,0.0621732904985813,5,v4_h5_mlp_rank_seed123_20260828_234632
mlp_rank,123,10,0.0411139614142329,0.0401177247353932,0.0043638568858124,2,9,-0.0992963655806148,-0.089417829898749,-0.0444349350266641,0.6680078748143963,-0.5217068328259395,10.666666666666666,0.0621732904985813,5,v4_h5_mlp_rank_seed123_20260828_234632
mlp_rank,123,15,0.0411139614142329,0.0401177247353932,0.0043638568858124,4,9,-0.0796328336340711,-0.0697542979522052,-0.0028704850401716,0.585108063784022,-0.3907419719501066,10.666666666666666,0.0621732904985813,5,v4_h5_mlp_rank_seed123_20260828_234632
mlp_rank,123,20,0.0411139614142329,0.0401177247353932,0.0043638568858124,3,9,-0.0937215357347647,-0.0838430000528988,-0.027016902252503,0.5046004245194069,-0.5551177879171081,10.666666666666666,0.0621732904985813,5,v4_h5_mlp_rank_seed123_20260828_234632
mlp_rank,1,3,0.0447004492099791,0.0456116609466015,0.004761774784047,1,9,-0.1875483254299415,-0.1776697897480757,-0.2127664043926536,0.8106850020861558,-0.7284908437831313,14.11111111111111,0.0651695989844849,5,v4_h5_mlp_rank_seed1_20260828_234650
mlp_rank,1,5,0.0447004492099791,0.0456116609466015,0.004761774784047,3,9,-0.1524015435601055,-0.1425230078782396,-0.1170442464033358,0.758936553683971,-0.7142126077248709,14.11111111111111,0.0651695989844849,5,v4_h5_mlp_rank_seed1_20260828_234650
mlp_rank,1,10,0.0447004492099791,0.0456116609466015,0.004761774784047,2,9,-0.1529087193463242,-0.1430301836644583,-0.1393660997283901,0.6504704182455122,-0.7836616676599241,14.11111111111111,0.0651695989844849,5,v4_h5_mlp_rank_seed1_20260828_234650
mlp_rank,1,15,0.0447004492099791,0.0456116609466015,0.004761774784047,2,9,-0.1339779266834066,-0.1240993910015407,-0.0957493299649061,0.5643576638476479,-0.6995452043386837,14.11111111111111,0.0651695989844849,5,v4_h5_mlp_rank_seed1_20260828_234650
mlp_rank,1,20,0.0447004492099791,0.0456116609466015,0.004761774784047,3,9,-0.1207540828047603,-0.1108755471228945,-0.087773241943649,0.49386929346252,-0.7204016973640042,14.11111111111111,0.0651695989844849,5,v4_h5_mlp_rank_seed1_20260828_234650
mlp_rank,2026,3,0.0325269613497408,0.0269247692084059,0.003706163018699,4,9,-0.0190330694812195,-0.0091545337993537,-0.135086321258402,0.8275315473360222,-0.176006918301052,13.555555555555555,0.0597226702107886,5,v4_h5_mlp_rank_seed2026_20260828_234923
mlp_rank,2026,5,0.0325269613497408,0.0269247692084059,0.003706163018699,3,9,-0.0539637966248077,-0.0440852609429418,-0.1409701093182442,0.783899310504623,-0.3575941268945899,13.555555555555555,0.0597226702107886,5,v4_h5_mlp_rank_seed2026_20260828_234923
mlp_rank,2026,10,0.0325269613497408,0.0269247692084059,0.003706163018699,3,9,-0.0878492047432359,-0.07797066906137,-0.0483488844500926,0.6809950179942278,-0.5279859164082599,13.555555555555555,0.0597226702107886,5,v4_h5_mlp_rank_seed2026_20260828_234923
mlp_rank,2026,15,0.0325269613497408,0.0269247692084059,0.003706163018699,4,9,-0.10660106926957,-0.0967225335877041,-0.0466953537848152,0.593798306557819,-0.6625415994510059,13.555555555555555,0.0597226702107886,5,v4_h5_mlp_rank_seed2026_20260828_234923
mlp_rank,2026,20,0.0325269613497408,0.0269247692084059,0.003706163018699,2,9,-0.1099135293047118,-0.1000349936228459,-0.0059910853682161,0.5068547036046787,-0.6830769786527138,13.555555555555555,0.0597226702107886,5,v4_h5_mlp_rank_seed2026_20260828_234923
mlp_rank,3407,3,0.0346887719098117,0.0248828704819134,0.0046087973333871,2,9,-0.0570195779361893,-0.0471410422543235,-0.0949599898176953,0.8316479700079181,-0.2368284183310808,12.555555555555555,0.0651420948266316,5,v4_h5_mlp_rank_seed3407_20260828_234858
mlp_rank,3407,5,0.0346887719098117,0.0248828704819134,0.0046087973333871,3,9,-0.1233118014344993,-0.1134332657526335,-0.1685892714838173,0.7826350530959724,-0.6327929104286298,12.555555555555555,0.0651420948266316,5,v4_h5_mlp_rank_seed3407_20260828_234858
mlp_rank,3407,10,0.0346887719098117,0.0248828704819134,0.0046087973333871,3,9,-0.1320827633420559,-0.12220422766019,-0.1019143720894133,0.6658263582897771,-0.7273487072806105,12.555555555555555,0.0651420948266316,5,v4_h5_mlp_rank_seed3407_20260828_234858
mlp_rank,3407,15,0.0346887719098117,0.0248828704819134,0.0046087973333871,3,9,-0.105898932391824,-0.0960203967099582,-0.0311128842774479,0.5773934054558739,-0.6489046286912507,12.555555555555555,0.0651420948266316,5,v4_h5_mlp_rank_seed3407_20260828_234858
mlp_rank,3407,20,0.0346887719098117,0.0248828704819134,0.0046087973333871,3,9,-0.1015939526683828,-0.0917154169865169,-0.0316275355895159,0.4958095847332726,-0.6784422568917196,12.555555555555555,0.0651420948266316,5,v4_h5_mlp_rank_seed3407_20260828_234858
mlp_rank,42,3,0.0479867684518486,0.0469741775957474,0.006648945753813,5,9,0.2065450158589236,0.2164235515407895,0.1251493703019038,0.8081554753911853,0.4683400185792424,16.77777777777778,0.0644433009307119,5,v4_h5_mlp_rank_seed42_20260828_234649
mlp_rank,42,5,0.0479867684518486,0.0469741775957474,0.006648945753813,6,9,0.1441138585021848,0.1539923941840507,0.1407956701967551,0.7648685738540402,0.3644721081478053,16.77777777777778,0.0644433009307119,5,v4_h5_mlp_rank_seed42_20260828_234649
mlp_rank,42,10,0.0479867684518486,0.0469741775957474,0.006648945753813,6,9,-0.0034341469000926,0.0064443887817732,0.0549539265854432,0.6661101461566844,-0.1171849715399896,16.77777777777778,0.0644433009307119,5,v4_h5_mlp_rank_seed42_20260828_234649
mlp_rank,42,15,0.0479867684518486,0.0469741775957474,0.006648945753813,6,9,-0.0451978820545041,-0.0353193463726382,0.0278261471078826,0.5764569266126089,-0.3418608322742879,16.77777777777778,0.0644433009307119,5,v4_h5_mlp_rank_seed42_20260828_234649
mlp_rank,42,20,0.0479867684518486,0.0469741775957474,0.006648945753813,4,9,-0.0595467083942443,-0.0496681727123784,-0.0183205765179701,0.5004698658815063,-0.465153463238228,16.77777777777778,0.0644433009307119,5,v4_h5_mlp_rank_seed42_20260828_234649
mlp_rank,7,3,0.0393103309506824,0.0410697429590085,0.0050077694410098,4,9,-0.0706218492315047,-0.0607433135496388,-0.0649256688787169,0.8464209729224578,-0.1517835797330217,8.666666666666666,0.0646228322995158,5,v4_h5_mlp_rank_seed7_20260828_234640
mlp_rank,7,5,0.0393103309506824,0.0410697429590085,0.0050077694410098,5,9,-0.0262483454510283,-0.0163698097691624,0.0118770319674785,0.7762721278660388,-0.0591056606083768,8.666666666666666,0.0646228322995158,5,v4_h5_mlp_rank_seed7_20260828_234640
mlp_rank,7,10,0.0393103309506824,0.0410697429590085,0.0050077694410098,4,9,-0.0639262985336359,-0.0540477628517701,-0.0003535168612565,0.6768731129156551,-0.2237756825321457,8.666666666666666,0.0646228322995158,5,v4_h5_mlp_rank_seed7_20260828_234640
mlp_rank,7,15,0.0393103309506824,0.0410697429590085,0.0050077694410098,3,9,-0.0690188060408016,-0.0591402703589358,-0.0161363872338986,0.5801820886782532,-0.3034500094567328,8.666666666666666,0.0646228322995158,5,v4_h5_mlp_rank_seed7_20260828_234640
mlp_rank,7,20,0.0393103309506824,0.0410697429590085,0.0050077694410098,4,9,-0.0966107741582632,-0.0867322384763973,-0.0431502428217944,0.5030682376373348,-0.5655731420135491,8.666666666666666,0.0646228322995158,5,v4_h5_mlp_rank_seed7_20260828_234640
mlp_rank,8765,3,0.0364129385742677,0.0322303515582297,0.0039942569275254,3,9,-0.1121350157070862,-0.1022564800252204,-0.1418146713037831,0.8391991318836722,-0.3444371434624036,20.0,0.0592996938827779,5,v4_h5_mlp_rank_seed8765_20260828_234921
mlp_rank,8765,5,0.0364129385742677,0.0322303515582297,0.0039942569275254,3,9,-0.0721871031194986,-0.0623085674376328,-0.0500611419327214,0.8032227219135387,-0.2778693680449769,20.0,0.0592996938827779,5,v4_h5_mlp_rank_seed8765_20260828_234921
mlp_rank,8765,10,0.0364129385742677,0.0322303515582297,0.0039942569275254,2,9,-0.1127500812283032,-0.1028715455464373,-0.0465486021013505,0.7063909291621503,-0.5811420796524625,20.0,0.0592996938827779,5,v4_h5_mlp_rank_seed8765_20260828_234921
mlp_rank,8765,15,0.0364129385742677,0.0322303515582297,0.0039942569275254,3,9,-0.104772044642225,-0.0948935089603591,-0.0674932620461601,0.6115895801383966,-0.5891039794861057,20.0,0.0592996938827779,5,v4_h5_mlp_rank_seed8765_20260828_234921
mlp_rank,8765,20,0.0364129385742677,0.0322303515582297,0.0039942569275254,3,9,-0.1167996547146208,-0.1069211190327549,-0.0952434254587513,0.5283055946119933,-0.7266123822531624,20.0,0.0592996938827779,5,v4_h5_mlp_rank_seed8765_20260828_234921
mlp_rank,9999,3,0.041032259882525,0.0447318692657674,0.0046028943951271,3,9,-0.1333501247544058,-0.1234715890725399,-0.1170270563493829,0.8127732838714596,-0.4429288764529916,14.0,0.0639650909717812,5,v4_h5_mlp_rank_seed9999_20260828_234857
mlp_rank,9999,5,0.041032259882525,0.0447318692657674,0.0046028943951271,3,9,-0.1115557106416726,-0.1016771749598067,-0.0717962960907416,0.765306719975265,-0.5335697320693265,14.0,0.0639650909717812,5,v4_h5_mlp_rank_seed9999_20260828_234857
mlp_rank,9999,10,0.041032259882525,0.0447318692657674,0.0046028943951271,3,9,-0.0837473214778704,-0.0738687857960045,-0.0343940615480446,0.6644557643636734,-0.41093889070861,14.0,0.0639650909717812,5,v4_h5_mlp_rank_seed9999_20260828_234857
mlp_rank,9999,15,0.041032259882525,0.0447318692657674,0.0046028943951271,4,9,-0.090331342361416,-0.0804528066795502,-0.0264670520875653,0.592238191812108,-0.5153076050505796,14.0,0.0639650909717812,5,v4_h5_mlp_rank_seed9999_20260828_234857
mlp_rank,9999,20,0.041032259882525,0.0447318692657674,0.0046028943951271,3,9,-0.1031963050851629,-0.0933177694032971,-0.0517927664304999,0.5177032927937445,-0.6756163190027085,14.0,0.0639650909717812,5,v4_h5_mlp_rank_seed9999_20260828_234857
