horizon,feature_set,train_window,year,seeds,ic_mean,ic_median,ic_std,spread_mean
10,all,3,2018,16,0.04335700021416606,0.04691679303897775,0.017357618024846797,0.006884839994714475
10,all,3,2019,16,-0.027248178265357276,-0.03732233059894345,0.03577971659543111,-0.0058325319960649685
10,all,3,2020,16,0.038676586840356866,0.0445818380663345,0.031392908149513496,0.007561736168579525
10,all,3,2021,16,0.028614664585262226,0.03474680196964705,0.024765113255592597,0.011760529520393756
10,all,3,2022,16,-0.007612043467090769,-0.013494019460180001,0.011752452275283827,1.4072670991393751e-05
10,all,3,2023,16,0.00012266962388478726,0.0005492716494816999,0.019767809265165148,-6.882448820077174e-05
10,all,3,2024,16,-0.011394769433105682,-0.0098217215419702,0.02294712218046228,-0.00185324290698305
10,all,3,2025,16,0.032715136620595775,0.038106007008634354,0.02873039962839114,0.003961517051660112
10,all,3,2026,16,0.06974356048462071,0.0645255282433154,0.016963798139056074,0.03473721466263507
10,all,5,2018,16,0.04503320538408726,0.042269999705400255,0.00695580605462646,0.00505539583874555
10,all,5,2019,16,-0.006516556939828586,0.00226348082150345,0.03293488385964065,-0.0022629708347631375
10,all,5,2020,16,0.05483603413888265,0.045639738373611946,0.03630694288231316,0.009566540314781137
10,all,5,2021,16,0.03423834119350799,0.04172953844276505,0.02503834588730157,0.013299274960730018
10,all,5,2022,16,0.0035296166044039437,-0.0009674493510318501,0.01583933371423398,0.0009049422737023729
10,all,5,2023,16,0.012337991599641582,0.0130183346305753,0.023584932233588263,0.004603958072298675
10,all,5,2024,16,0.0001045946666024377,0.0004965116428277001,0.03514529977404864,0.002489493871814825
10,all,5,2025,16,0.057764970314244574,0.0774179908648141,0.03983830488996063,0.010217030218719971
10,all,5,2026,16,0.05128220710201966,0.0537434523454021,0.011760829781352044,0.030125138378060155
10,all,8,2018,16,0.05166844571136773,0.05303577649255285,0.0095959703194641,0.005644922500640332
10,all,8,2019,16,0.0020768641325420063,0.0111507514667785,0.03386564553861899,-0.0008527635010877502
10,all,8,2020,16,0.04132908428266796,0.040623098990365,0.027830949655941892,0.0056065393159069245
10,all,8,2021,16,0.05789640655499535,0.061251844025975055,0.012325604699781964,0.016647180031094725
10,all,8,2022,16,0.028426400452482282,0.025130418344552048,0.015547667109070691,0.004773061846604025
10,all,8,2023,16,0.016980442879234326,0.0208818259026055,0.013721586963335789,0.005447121770473606
10,all,8,2024,16,-0.004067053145234513,-0.00873384909320405,0.02814186297362754,0.00016659704128478748
10,all,8,2025,16,0.04997405779513854,0.0609776798403846,0.04020041823718149,0.009570442417735338
10,all,8,2026,16,0.05730414872043107,0.056658587768283405,0.012131468952258353,0.032070116751544975
10,all,expanding,2018,16,0.05166844571136773,0.05303577649255285,0.0095959703194641,0.005644922500640332
10,all,expanding,2019,16,0.0020768641325420063,0.0111507514667785,0.03386564553861899,-0.0008527635010877502
10,all,expanding,2020,16,0.04132908428266796,0.040623098990365,0.027830949655941892,0.0056065393159069245
10,all,expanding,2021,16,0.04825941611972284,0.04980346864055375,0.01676915943624253,0.015098337538805975
10,all,expanding,2022,16,0.034189050739066876,0.034333788004910604,0.014627717980481438,0.006691247328645069
10,all,expanding,2023,16,0.017949847680500307,0.0225576406788604,0.020599008511303227,0.004230074193688663
10,all,expanding,2024,16,-0.00035042551790801207,-0.0057088376976857,0.02306828611754434,-0.0009878329424487875
10,all,expanding,2025,16,0.07748732551050247,0.0743583887973944,0.028424742539114888,0.015584741098919486
10,all,expanding,2026,16,0.049674367616540455,0.057229931812968496,0.02916666398057571,0.030816437693549185
10,no_absolute_returns,3,2018,16,0.03477026400789716,0.0293208546641203,0.014412216067510591,0.006710523458681931
10,no_absolute_returns,3,2019,16,-0.03682791631373885,-0.035545490495496046,0.029949859610900593,-0.007181860081216925
10,no_absolute_returns,3,2020,16,0.029646457966950736,0.0207554159866488,0.03942039555606627,0.005189795560858938
10,no_absolute_returns,3,2021,16,0.023902076027015544,0.0258976484064386,0.016500021448110188,0.014599386778047488
10,no_absolute_returns,3,2022,16,-0.006859734415487312,-0.007929052007090251,0.008621918875096921,0.0004289622986947875
10,no_absolute_returns,3,2023,16,0.002229101834152031,0.00820845627461045,0.0191661321886504,0.0005477958050303688
10,no_absolute_returns,3,2024,16,0.00019391661579406822,-0.001113296650899,0.03425424120370342,0.0004543444201927751
10,no_absolute_returns,3,2025,16,0.041787582174265626,0.0419995313652882,0.031797036792786386,0.0076579881538446255
10,no_absolute_returns,3,2026,16,0.0678052480714933,0.06678978843293865,0.01067875489081526,0.03429233359750684
10,no_absolute_returns,5,2018,16,0.051290546281375166,0.052490752436378255,0.01213394898330457,0.006642767279395868
10,no_absolute_returns,5,2019,16,-0.0139255983655926,-0.0123230274467986,0.023479537716563772,-0.0034564402100292
10,no_absolute_returns,5,2020,16,0.06565752178771411,0.07624925096177955,0.05452066427572585,0.012719459967847357
10,no_absolute_returns,5,2021,16,0.015412621384620868,0.0082540848451354,0.02290061126814759,0.011874295438195175
10,no_absolute_returns,5,2022,16,-0.0030429239477343752,-0.00172999847223055,0.012582081954239634,-2.6375296698256252e-05
10,no_absolute_returns,5,2023,16,0.010160102581401,0.01744787378962075,0.03164593376574548,0.0038896076104661375
10,no_absolute_returns,5,2024,16,-0.004289517922560763,-0.00417501260218185,0.03573333565054411,0.0013861176019236625
10,no_absolute_returns,5,2025,16,0.07369881001059223,0.08748558985530155,0.0476408337195919,0.0143436630576821
10,no_absolute_returns,5,2026,16,0.05483614995197136,0.0510005789289559,0.015584164636195939,0.03063478615835646
10,no_absolute_returns,8,2018,16,0.05864621164012076,0.062132133946925044,0.011972989947957424,0.00778930135841675
10,no_absolute_returns,8,2019,16,0.006021621808884012,0.013146475140613751,0.01603373113921328,-0.0005208985742496062
10,no_absolute_returns,8,2020,16,0.058762508095051326,0.0677527882168385,0.025581261028975445,0.009766583808249393
10,no_absolute_returns,8,2021,16,0.04885256375021153,0.0573811787585819,0.01725978151643997,0.014147457520917662
10,no_absolute_returns,8,2022,16,0.027560925944000225,0.02741746331977845,0.01571654412204236,0.004920043861210313
10,no_absolute_returns,8,2023,16,0.012914899268651886,0.017800778096459698,0.022550624179009316,0.004098032912044988
10,no_absolute_returns,8,2024,16,0.012302256499895563,0.0181461824031336,0.022159048982338173,0.002348030459687219
10,no_absolute_returns,8,2025,16,0.06477599157106176,0.0807925235145164,0.049389062012097994,0.013387626088802649
10,no_absolute_returns,8,2026,16,0.05972660090136227,0.0669728612388974,0.02364249093817897,0.03141178865002323
10,no_absolute_returns,expanding,2018,16,0.05864621164012076,0.062132133946925044,0.011972989947957424,0.00778930135841675
10,no_absolute_returns,expanding,2019,16,0.006021621808884012,0.013146475140613751,0.01603373113921328,-0.0005208985742496062
10,no_absolute_returns,expanding,2020,16,0.058762508095051326,0.0677527882168385,0.025581261028975445,0.009766583808249393
10,no_absolute_returns,expanding,2021,16,0.041410159883540625,0.0437322452552496,0.016104194462595225,0.0120758525984875
10,no_absolute_returns,expanding,2022,16,0.03732507094713644,0.0401145375230524,0.01689728856484078,0.006451589289971106
10,no_absolute_returns,expanding,2023,16,0.0172294345932178,0.024691621620200402,0.02112419366529397,0.003957511743370375
10,no_absolute_returns,expanding,2024,16,0.005676726631988656,0.0013427624916619,0.015627881029431627,0.00010707038578298126
10,no_absolute_returns,expanding,2025,16,0.1051561224810672,0.10713851902411994,0.02603016808831458,0.022290572159600917
10,no_absolute_returns,expanding,2026,16,0.059469055427933515,0.060820798718361505,0.008931432839162779,0.033146517051668364
10,no_market_context,3,2018,16,0.04772621027787683,0.04748303349810265,0.007920920352788054,0.008167846264735193
10,no_market_context,3,2019,16,-0.016144560304638875,-0.0008129699109521999,0.043510226742510295,-0.003155302013386353
10,no_market_context,3,2020,16,0.06505421369180368,0.06524593979686805,0.041459372041723556,0.014221119565643587
10,no_market_context,3,2021,16,0.021921768282425314,0.0264452345595746,0.015422206545147275,0.01647760197426575
10,no_market_context,3,2022,16,0.017505810178246917,0.02039847543997365,0.011881619295042702,0.004956680584667387
10,no_market_context,3,2023,16,-0.003952051249824675,-0.0036238341905246,0.019249911164319195,-0.0016529663917559687
10,no_market_context,3,2024,16,-0.0017997638069282688,0.00324066599755215,0.021491893391682212,-0.0013688408804093937
10,no_market_context,3,2025,16,0.043173466411608026,0.04778140496683055,0.029682753120411735,0.004239024963216863
10,no_market_context,3,2026,16,0.07737870722618301,0.075178747217506,0.010092992925075912,0.0308165380233609
10,no_market_context,5,2018,16,0.043631489944820114,0.04464981732379025,0.008410625853287662,0.005645229251827593
10,no_market_context,5,2019,16,0.006582418664062957,0.022669301306622,0.036179596073062224,0.00022551775159506874
10,no_market_context,5,2020,16,0.07448081565885284,0.07915449987182965,0.03042397916839705,0.014767540218756531
10,no_market_context,5,2021,16,0.03818959277181451,0.04071487988572245,0.0129435386493836,0.015367863419384224
10,no_market_context,5,2022,16,0.0030728196279921566,0.005898919503640699,0.016180655941591522,0.0016776645564144823
10,no_market_context,5,2023,16,0.0039245980259935385,0.0093265873820175,0.024668079886354877,0.00203731736135385
10,no_market_context,5,2024,16,0.02051262275421281,0.0249101294882892,0.03154510497533266,0.003297599567132719
10,no_market_context,5,2025,16,0.05644938893738645,0.055304280614518905,0.050861065693820165,0.007788012602655256
10,no_market_context,5,2026,16,0.041636552011703166,0.040981525387321555,0.017201851650902194,0.0229443218198155
10,no_market_context,8,2018,16,0.050589202895243365,0.0513206979971995,0.011280215983167278,0.006692278155561344
10,no_market_context,8,2019,16,0.01025972314878202,0.0122946107719063,0.029973400711585198,0.0007337307088564641
10,no_market_context,8,2020,16,0.04568395093980256,0.05801890397185215,0.029462550782236304,0.006946701610829481
10,no_market_context,8,2021,16,0.043416318683817796,0.051317787970304854,0.020979527145095406,0.0148454392129409
10,no_market_context,8,2022,16,0.017918455515734892,0.017053230201487,0.013073605690881961,0.0034343732936664563
10,no_market_context,8,2023,16,0.007178491234324593,0.0100992282576183,0.012780474268644048,0.0035683573656890436
10,no_market_context,8,2024,16,0.027217159130360425,0.01776340978014165,0.04244172303546805,0.0039850598532467805
10,no_market_context,8,2025,16,0.07843079338586578,0.08545605301291534,0.022384108644197792,0.01546351334873898
10,no_market_context,8,2026,16,0.054259384378676466,0.05487367571522675,0.010873047354862561,0.0265705398777218
10,no_market_context,expanding,2018,16,0.050589202895243365,0.0513206979971995,0.011280215983167278,0.006692278155561344
10,no_market_context,expanding,2019,16,0.01025972314878202,0.0122946107719063,0.029973400711585198,0.0007337307088564641
10,no_market_context,expanding,2020,16,0.04568395093980256,0.05801890397185215,0.029462550782236304,0.006946701610829481
10,no_market_context,expanding,2021,16,0.04096589818131758,0.04469908316359015,0.017613015316471088,0.014698321784304082
10,no_market_context,expanding,2022,16,0.031210016034329068,0.031583433756615945,0.011477581589772443,0.005239844589309613
10,no_market_context,expanding,2023,16,0.0162551072479066,0.01970223466260185,0.014182797268210475,0.0042236109060114786
10,no_market_context,expanding,2024,16,0.04585099481361428,0.0419666709988601,0.02881607716732755,0.005608138358392994
10,no_market_context,expanding,2025,16,0.08900650373526442,0.1062780392361593,0.03265065421905789,0.015570179303142938
10,no_market_context,expanding,2026,16,0.04234681663002088,0.0380166977398866,0.016228540642520266,0.02428108080789863
10,no_relative,3,2018,16,0.05538095567379544,0.0608027625835934,0.013484369029334215,0.00682456062958845
10,no_relative,3,2019,16,-0.039952394888125554,-0.03558881160813905,0.03188145193388486,-0.007418105182460138
10,no_relative,3,2020,16,0.03512917640631873,0.03479906094132125,0.044942347958727834,0.0065700572414763
10,no_relative,3,2021,16,0.03485015756643355,0.033865102084368395,0.010401703346892712,0.01394335129189315
10,no_relative,3,2022,16,-0.011306732133535375,-0.013409884441001451,0.011115034105995038,-0.00037770206450491876
10,no_relative,3,2023,16,0.00902640816832855,0.0071332555007555,0.025981536892083663,0.002836824889135869
10,no_relative,3,2024,16,-0.0068260948388142815,-0.01125386464476405,0.025392056167630316,-0.001674385148224456
10,no_relative,3,2025,16,0.03130340370467935,0.029566354335290097,0.03619078553270584,0.004520105838081313
10,no_relative,3,2026,16,0.06073302839540893,0.061903403659508346,0.012402154539940225,0.030479324415959498
10,no_relative,5,2018,16,0.048074365347235956,0.0487305044689325,0.011951793144167153,0.005027185744534206
10,no_relative,5,2019,16,-0.00945753738995935,0.0084755932722359,0.0362680061377057,-0.0019517526867924315
10,no_relative,5,2020,16,0.0590805964203391,0.0667452608337651,0.04555660857017507,0.011546108205367113
10,no_relative,5,2021,16,0.041168257401954865,0.0455556446202694,0.024574352766724965,0.015204944906239231
10,no_relative,5,2022,16,0.005840958110610038,0.009776069430951401,0.011435371436043392,0.0007549635388691758
10,no_relative,5,2023,16,0.013126225421632024,0.0190393433959564,0.02219220943608757,0.004555874320604668
10,no_relative,5,2024,16,-0.001098073493953469,0.00037876421613399977,0.033602513695149196,0.001987169145606075
10,no_relative,5,2025,16,0.05474994504264041,0.052856266670257945,0.03705335466385808,0.010296039757514256
10,no_relative,5,2026,16,0.051400225132437964,0.05410287333700275,0.016588087799490163,0.029973716862430985
10,no_relative,8,2018,16,0.054897910126734915,0.055129222295878605,0.00899039904275989,0.005717376376666644
10,no_relative,8,2019,16,0.006472409782755282,0.0047302867916104,0.017843344813236024,-6.898089517244001e-06
10,no_relative,8,2020,16,0.058071582299722646,0.0579716615840346,0.026699728065864417,0.008336237012912218
10,no_relative,8,2021,16,0.05872200791534999,0.058580903895755945,0.01369714622180587,0.01803575183842591
10,no_relative,8,2022,16,0.024095282911662613,0.02719503089462425,0.010123614254740584,0.0039417808502910465
10,no_relative,8,2023,16,0.01503197340496023,0.01589819227596405,0.023540346251654996,0.005731409003725581
10,no_relative,8,2024,16,0.0070532877014663565,0.00697727420608555,0.020993094157475543,0.0006874984171146313
10,no_relative,8,2025,16,0.07993089429219266,0.08181814214217656,0.022109003030641852,0.019491199690836312
10,no_relative,8,2026,16,0.0648175051678963,0.0659013607383024,0.012480520048626473,0.03384396870579996
10,no_relative,expanding,2018,16,0.054897910126734915,0.055129222295878605,0.00899039904275989,0.005717376376666644
10,no_relative,expanding,2019,16,0.006472409782755282,0.0047302867916104,0.017843344813236024,-6.898089517244001e-06
10,no_relative,expanding,2020,16,0.058071582299722646,0.0579716615840346,0.026699728065864417,0.008336237012912218
10,no_relative,expanding,2021,16,0.05489439279497352,0.05628486476439515,0.012779785123475875,0.01598290644333181
10,no_relative,expanding,2022,16,0.034751553583637115,0.0347215592340309,0.013956383970963942,0.005813481873983831
10,no_relative,expanding,2023,16,0.011068992707873112,0.02000785781891265,0.02675321948098161,0.004312334526796437
10,no_relative,expanding,2024,16,-0.0044036345205810444,-0.0079416371802231,0.017220291217325382,-0.0016740195181711563
10,no_relative,expanding,2025,16,0.07832247372633128,0.08967527114767579,0.03910433644524813,0.013510249528839063
10,no_relative,expanding,2026,16,0.055745483031950524,0.06163196455987905,0.016388602642597318,0.03331856403740883
10,no_trend,3,2018,16,0.04718482037352856,0.0499031628577535,0.022273501199050787,0.005473222996166862
10,no_trend,3,2019,16,-0.022846407288746106,-0.02986190057978455,0.0349059432503519,-0.005416772633659738
10,no_trend,3,2020,16,0.011183620487177325,0.0015309502623767,0.03282837081731602,0.0026509645272836373
10,no_trend,3,2021,16,0.009931520152012993,0.011675965861328151,0.011488503068932052,0.008487662420135357
10,no_trend,3,2022,16,-0.0032957072299362876,-0.002327957072263,0.013248750030954033,0.001514616297253375
10,no_trend,3,2023,16,0.00703123329451095,0.00757783650830685,0.01973976602288568,0.0033836171810842303
10,no_trend,3,2024,16,0.0175915269920741,0.02207512821824675,0.01924110747493908,0.00132078525030085
10,no_trend,3,2025,16,0.0419255409855735,0.03800261269692255,0.02509488818976655,0.0073527948081689885
10,no_trend,3,2026,16,0.03641832923538811,0.03957453394795925,0.024289269890570776,0.02545292198126978
10,no_trend,5,2018,16,0.03386639472969553,0.0381419758299701,0.015587403866702857,0.0031465519863814687
10,no_trend,5,2019,16,-0.03662285426355494,-0.019035637461214852,0.038793999202516326,-0.005655130703203388
10,no_trend,5,2020,16,0.027747439955702474,0.018081499001629447,0.047956045011622046,0.004299255476617357
10,no_trend,5,2021,16,0.017344868718047125,0.02358724035096205,0.016826839255393026,0.00837028241478073
10,no_trend,5,2022,16,0.0010222610070903374,0.00241117024659855,0.01612835459535906,0.000360379045805788
10,no_trend,5,2023,16,0.006144772125765188,0.0193820798041719,0.03274340210006607,0.0024999491025881936
10,no_trend,5,2024,16,0.017864929480112375,0.024164514666614498,0.027145409166962526,0.004699270736930035
10,no_trend,5,2025,16,0.06636321166625014,0.07230942328786549,0.03559584984715397,0.014192497229912044
10,no_trend,5,2026,16,0.050897400550659326,0.047916288014102804,0.011403341818629427,0.029218315279626227
10,no_trend,8,2018,16,0.039307564188126726,0.040638822898695554,0.015117896521168314,0.004845647559633038
10,no_trend,8,2019,16,-0.02554060805451016,-0.02962147857839455,0.037627569782072885,-0.004561578161398506
10,no_trend,8,2020,16,0.03450984162382396,0.0352122971973915,0.02656973045723212,0.003669881311306751
10,no_trend,8,2021,16,0.028486376804707794,0.034281874419907654,0.015488821105688381,0.011554537302647331
10,no_trend,8,2022,16,0.0023333426112929568,0.0077437485075352004,0.014654198451961895,0.0014383771921221875
10,no_trend,8,2023,16,4.195102643639336e-05,0.0040465850718642005,0.020051987681624216,0.0012702291753768624
10,no_trend,8,2024,16,0.03141771136042361,0.033921390765731696,0.01440643285742232,0.006239595352954169
10,no_trend,8,2025,16,0.06427516985387925,0.07119505275492555,0.022886159712363144,0.016694465721912764
10,no_trend,8,2026,16,0.05430846060894346,0.05918260322280515,0.019491597170395246,0.030127552233356295
10,no_trend,expanding,2018,16,0.039307564188126726,0.040638822898695554,0.015117896521168314,0.004845647559633038
10,no_trend,expanding,2019,16,-0.02554060805451016,-0.02962147857839455,0.037627569782072885,-0.004561578161398506
10,no_trend,expanding,2020,16,0.03450984162382396,0.0352122971973915,0.02656973045723212,0.003669881311306751
10,no_trend,expanding,2021,16,0.03004433134279813,0.03497449884932395,0.01684563256311717,0.012662874255028888
10,no_trend,expanding,2022,16,0.01136161977359102,0.01267850116530695,0.019935606723304217,0.002034756767121806
10,no_trend,expanding,2023,16,0.0071839146856099685,0.00921266117661615,0.020148891267351837,0.0027909376619935436
10,no_trend,expanding,2024,16,0.015617483301325981,0.013063816418841152,0.01671844124667718,0.003874458822123625
10,no_trend,expanding,2025,16,0.06765447086625814,0.0693307963023517,0.028633074369854905,0.013844511583947243
10,no_trend,expanding,2026,16,0.04908908666531229,0.053162009316797196,0.017000498266019695,0.029386405981779187
10,no_volatility,3,2018,16,0.052775446112324514,0.054226794502510445,0.022678914583941518,0.006511285160838231
10,no_volatility,3,2019,16,-0.015622525399246806,-0.017908148022047002,0.01060176426486122,-0.004534389458652194
10,no_volatility,3,2020,16,0.022080771292134115,0.0237054258960922,0.03750126208464087,0.005417464094755031
10,no_volatility,3,2021,16,0.0441091803736221,0.04555589290282405,0.007993507671584316,0.017822000967500962
10,no_volatility,3,2022,16,0.029639019967403712,0.028024455305853548,0.00967407488421158,0.00504443522871025
10,no_volatility,3,2023,16,0.013587893227101305,0.0159440555923256,0.023730564449412777,0.0041205343300669064
10,no_volatility,3,2024,16,-0.0014902028434377905,-0.00708376022443735,0.016706548617060973,0.0002808927602504812
10,no_volatility,3,2025,16,0.013267846731210982,0.0116457699573562,0.024045211642603086,0.0019567868454684876
10,no_volatility,3,2026,16,0.07003611717112769,0.0774391720748013,0.028638406455445898,0.027325920148572123
10,no_volatility,5,2018,16,0.03767331687700256,0.03680180543519945,0.011022552365555932,0.001992909012891292
10,no_volatility,5,2019,16,0.013716068115481888,0.01288089921558945,0.012187169885001181,0.0008667029471033609
10,no_volatility,5,2020,16,0.036265136476638295,0.04144116904911985,0.026416569066573085,0.005326134476351043
10,no_volatility,5,2021,16,0.04395000007553324,0.046921911872169195,0.009148092110124045,0.013419062517780456
10,no_volatility,5,2022,16,0.018025636786340817,0.017871793581227202,0.009384936750170447,0.0031395061645468824
10,no_volatility,5,2023,16,0.018545665505814664,0.02918243814780315,0.023144921588089607,0.006322507072734144
10,no_volatility,5,2024,16,-0.004703003142836868,-0.00407750020017525,0.02400835685478124,-6.63049751342812e-05
10,no_volatility,5,2025,16,0.052114952685382326,0.05354849690346245,0.031077584272635843,0.012237009169284756
10,no_volatility,5,2026,16,0.06487936662267606,0.0662280696677836,0.01173453691963913,0.0263735817452728
10,no_volatility,8,2018,16,0.05112402719709955,0.05130965193544365,0.01103147059893263,0.0049734137669956435
10,no_volatility,8,2019,16,0.010837746163393688,0.0126064488281979,0.01138510191338837,0.00014467054797233657
10,no_volatility,8,2020,16,0.054228382749683446,0.06449269783264525,0.0297371249056941,0.006637298041445737
10,no_volatility,8,2021,16,0.051739244362359944,0.05327119655802815,0.010322428797378833,0.014870324169416
10,no_volatility,8,2022,16,0.04804948343842211,0.04815170302314345,0.013009315750831191,0.007496945182711319
10,no_volatility,8,2023,16,0.011949703184151683,0.011587820637304149,0.014346487020085306,0.004973670168761757
10,no_volatility,8,2024,16,0.02181840125066344,0.021232927811801597,0.01929043222171053,0.002787843057269794
10,no_volatility,8,2025,16,0.06544085688376687,0.0687611289296294,0.01774082342647087,0.014954445077930319
10,no_volatility,8,2026,16,0.06659916632768359,0.06602958654396915,0.010782394131947346,0.027709410059503357
10,no_volatility,expanding,2018,16,0.05112402719709955,0.05130965193544365,0.01103147059893263,0.0049734137669956435
10,no_volatility,expanding,2019,16,0.010837746163393688,0.0126064488281979,0.01138510191338837,0.00014467054797233657
10,no_volatility,expanding,2020,16,0.054228382749683446,0.06449269783264525,0.0297371249056941,0.006637298041445737
10,no_volatility,expanding,2021,16,0.04724700224204547,0.0465773531989368,0.008113830080043818,0.01616463788720559
10,no_volatility,expanding,2022,16,0.047975773160606874,0.0467404133542311,0.015417059406055745,0.007342793029786338
10,no_volatility,expanding,2023,16,0.018487687437641787,0.01712700251019525,0.01248539976339375,0.006533803863762825
10,no_volatility,expanding,2024,16,0.009748781794301569,7.916011102250005e-05,0.036814896910270914,0.0003829389454463063
10,no_volatility,expanding,2025,16,0.062078826471027033,0.06858988498289365,0.02896650092886552,0.012924107111532782
10,no_volatility,expanding,2026,16,0.05637398371315981,0.05602310459169,0.014350423520214763,0.027620632268283152
20,all,3,2018,16,0.05517047959308567,0.05837508156368725,0.019129510877764187,0.013372649507653375
20,all,3,2019,16,-0.010180946031042776,-0.0064066748115652,0.03989125097901659,-0.004314967316665975
20,all,3,2020,16,0.07240014094125041,0.07850317269765045,0.034564101182350544,0.022290439293695837
20,all,3,2021,16,0.04618217001373877,0.046628086216286696,0.007011032114707736,0.032451255068756624
20,all,3,2022,16,0.01566245019126757,0.014684232830594151,0.02176248647627002,0.007396884992506744
20,all,3,2023,16,0.010213037564442556,0.0097793962290178,0.026045928337188457,0.00018154812049066794
20,all,3,2024,16,-0.03881995688934575,-0.0420219054865813,0.029019501114386018,-0.009396091683310594
20,all,3,2025,16,0.02401573025904574,0.02640917524034405,0.024345430667360692,0.005707657098532423
20,all,3,2026,16,0.09188087685106633,0.0956360398207005,0.0391345860561808,0.05857266063598514
20,all,5,2018,16,0.049241079504482664,0.050574448838163144,0.01195733881902338,0.012571758105007425
20,all,5,2019,16,-0.024268892968466533,-0.00154194451228215,0.058305141114735004,-0.009275286033385637
20,all,5,2020,16,0.08309692040081335,0.07262660166107254,0.05312280140645745,0.024901282605824738
20,all,5,2021,16,0.04626623452426798,0.054415005371550654,0.025745660999970037,0.027147382564888356
20,all,5,2022,16,0.025328245610913912,0.023024936310230802,0.016159405909200085,0.008106669328455975
20,all,5,2023,16,0.02642128052512463,0.03421869168106615,0.02633984866627714,0.006783955791826425
20,all,5,2024,16,-0.029093192127228433,-0.0364644697453035,0.03563147648607517,-0.00469735810652238
20,all,5,2025,16,0.08023637554195227,0.0788195608822041,0.02687039525651424,0.028735026911970368
20,all,5,2026,16,0.07658734473913535,0.0908186606708602,0.042324967241328,0.05932943831151813
20,all,8,2018,16,0.04817468817823093,0.0486017672027516,0.015935703429011374,0.014861344695279019
20,all,8,2019,16,0.012623115326427032,0.018913131616710002,0.041811557002970616,-0.0021602532877508813
20,all,8,2020,16,0.07709082000146993,0.0794131856824362,0.02804041341035645,0.02266505102355358
20,all,8,2021,16,0.06081581099393566,0.0601886517184542,0.018250684924186807,0.02951057081351588
20,all,8,2022,16,0.06561292736003695,0.06093170452200325,0.018919746412327573,0.016042354832546995
20,all,8,2023,16,0.05182202515585483,0.05048664331442975,0.013968772690078984,0.016185961187387736
20,all,8,2024,16,-0.002452907874865675,0.0017323419775579498,0.024792105011715283,-0.0027276048780124186
20,all,8,2025,16,0.06541743970315396,0.08197672457412711,0.05004708998066387,0.023174159858367252
20,all,8,2026,16,0.05939172442565927,0.0553053073741425,0.03499667467119055,0.05092512094394804
20,all,expanding,2018,16,0.04817468817823093,0.0486017672027516,0.015935703429011374,0.014861344695279019
20,all,expanding,2019,16,0.012623115326427032,0.018913131616710002,0.041811557002970616,-0.0021602532877508813
20,all,expanding,2020,16,0.07709082000146993,0.0794131856824362,0.02804041341035645,0.02266505102355358
20,all,expanding,2021,16,0.062206414416319994,0.06785839217898765,0.01959666026377103,0.030047707205302244
20,all,expanding,2022,16,0.06627476652434869,0.0703461135840574,0.020516398666742847,0.015848531562929112
20,all,expanding,2023,16,0.044889841472908885,0.04247136371709505,0.018745696373812026,0.01094108237745623
20,all,expanding,2024,16,0.0009205925267845244,-0.0070799844708799,0.02922770032597084,-0.001730371266207256
20,all,expanding,2025,16,0.07875537058981856,0.08132906054983971,0.03882166353434907,0.028159501604414792
20,all,expanding,2026,16,0.09199608909024468,0.09035951403556,0.01324918505488273,0.06967272223472236
20,no_absolute_returns,3,2018,16,0.055316918377051806,0.05662582115642925,0.00995621293850938,0.014713316055327294
20,no_absolute_returns,3,2019,16,-0.013307969236176586,0.0021826360626319005,0.04282677783788386,-0.005466881052587068
20,no_absolute_returns,3,2020,16,0.08405249042096817,0.0732853467917779,0.02969445530077822,0.02639056752425535
20,no_absolute_returns,3,2021,16,0.03559592136974379,0.0404916263177138,0.018138686699010045,0.03315629120272918
20,no_absolute_returns,3,2022,16,0.018113365135306585,0.0174176136842862,0.013494940476956424,0.008053232215080494
20,no_absolute_returns,3,2023,16,0.014963874227413824,0.01509557176628285,0.014032374212010075,0.0033116909513787435
20,no_absolute_returns,3,2024,16,-0.062163932467839196,-0.0657015341611367,0.01849839444553518,-0.012838581104948019
20,no_absolute_returns,3,2025,16,0.027106346670899725,0.02977389302828565,0.03893425429077316,0.007032272606255818
20,no_absolute_returns,3,2026,16,0.08535508120660484,0.08680506527959514,0.029550623845827597,0.0550765671170665
20,no_absolute_returns,5,2018,16,0.05739008137341222,0.0573780611399219,0.014323134701638096,0.013708789324463493
20,no_absolute_returns,5,2019,16,-0.017946968056057326,-0.0021396941816628004,0.048423680853685036,-0.0088078535213793
20,no_absolute_returns,5,2020,16,0.10588992331626525,0.10999260112208145,0.04372185511847841,0.033041484054418264
20,no_absolute_returns,5,2021,16,0.02915608617744513,0.04441180396565965,0.032019312099382795,0.02874507555915963
20,no_absolute_returns,5,2022,16,0.030850596018415218,0.03243894562665515,0.012513863718686269,0.008656376123010056
20,no_absolute_returns,5,2023,16,0.016579898840967777,0.0228345223622704,0.034788908437788396,0.0004916872683780472
20,no_absolute_returns,5,2024,16,-0.024422538671584136,-0.040902178572640946,0.05245825420242278,-0.0015271568317377561
20,no_absolute_returns,5,2025,16,0.0668946008155328,0.08958181619755334,0.061029796877019316,0.02190207712876472
20,no_absolute_returns,5,2026,16,0.08976524402041691,0.0905783992852508,0.02222201408954515,0.06666821574644252
20,no_absolute_returns,8,2018,16,0.06417235519062546,0.06455517000002485,0.012566046555691312,0.01645379100661318
20,no_absolute_returns,8,2019,16,0.0042335432323600125,0.0064618861157651,0.058801104895615144,-0.004392288340103269
20,no_absolute_returns,8,2020,16,0.07648506749638626,0.0734668397971433,0.032772303670336504,0.024374900236121294
20,no_absolute_returns,8,2021,16,0.051339296572287016,0.057558062471878155,0.02683193186120998,0.025294786170580195
20,no_absolute_returns,8,2022,16,0.0619557740462107,0.0620555633658494,0.022004387483234297,0.01620057772924747
20,no_absolute_returns,8,2023,16,0.02527622680652413,0.03785648675779585,0.046089288536330326,0.006751886188751613
20,no_absolute_returns,8,2024,16,0.0007126820091075434,-0.01120605884255815,0.03948648966045654,-0.003090746068964656
20,no_absolute_returns,8,2025,16,0.05262607522347779,0.05667357852231795,0.0618533318002619,0.015152797228713375
20,no_absolute_returns,8,2026,16,0.08011588677894672,0.08585202449886606,0.037299474414580175,0.06416946266344387
20,no_absolute_returns,expanding,2018,16,0.06417235519062546,0.06455517000002485,0.012566046555691312,0.01645379100661318
20,no_absolute_returns,expanding,2019,16,0.0042335432323600125,0.0064618861157651,0.058801104895615144,-0.004392288340103269
20,no_absolute_returns,expanding,2020,16,0.07648506749638626,0.0734668397971433,0.032772303670336504,0.024374900236121294
20,no_absolute_returns,expanding,2021,16,0.05801034658904023,0.0626191652483281,0.022407806462532494,0.02846704229174813
20,no_absolute_returns,expanding,2022,16,0.07056831101172159,0.069736877690467,0.01968076688918489,0.01767222645423885
20,no_absolute_returns,expanding,2023,16,0.029084993206751564,0.04065597710387895,0.0457868893816446,0.0077971591038996126
20,no_absolute_returns,expanding,2024,16,-0.016617388582203622,-0.01551420549924385,0.025986279535516743,-0.006771779440607037
20,no_absolute_returns,expanding,2025,16,0.09163368419651172,0.10151121605667054,0.0401567974116038,0.02999608131787098
20,no_absolute_returns,expanding,2026,16,0.08639140406649634,0.08874087462505535,0.01921294062477225,0.06762486901357832
20,no_market_context,3,2018,16,0.0602703201233854,0.0638603140888823,0.013548601244890962,0.013551400308547226
20,no_market_context,3,2019,16,-0.005994453680433306,-0.0074784204616095504,0.044120722987852135,-0.0034537981906540885
20,no_market_context,3,2020,16,0.07474054928093682,0.09218864688732631,0.062397410187371945,0.023024777503608013
20,no_market_context,3,2021,16,0.029423737507723265,0.03191619317842415,0.018470512032101767,0.03392202133290151
20,no_market_context,3,2022,16,0.02335491354662801,0.01951064426394825,0.015463688582975565,0.009819903640572357
20,no_market_context,3,2023,16,-0.015821443096373906,-0.0042437081616945,0.02729105871056588,-0.012649692017695825
20,no_market_context,3,2024,16,-0.005191008636685205,-0.014477119404334701,0.053431925918225355,-0.0010890400673903315
20,no_market_context,3,2025,16,0.032393916244183585,0.0330479299157679,0.035902991626016095,0.0031366001065994313
20,no_market_context,3,2026,16,0.11097954416426395,0.11254123959901036,0.028361184818938914,0.061717876785819935
20,no_market_context,5,2018,16,0.04770501949670944,0.05123007635082495,0.02501362792578129,0.014081591812687075
20,no_market_context,5,2019,16,0.005687522744828545,0.021441054837196098,0.052049484145222355,-0.0025242006586818186
20,no_market_context,5,2020,16,0.09849383835166715,0.09217041918808336,0.03656358179857093,0.030452082035929393
20,no_market_context,5,2021,16,0.04257345741462464,0.0466519924555112,0.017672465038982434,0.031864041215445844
20,no_market_context,5,2022,16,0.012778338960975376,0.01555432247105825,0.011314791592439987,0.006388254792477525
20,no_market_context,5,2023,16,0.015472257681411356,0.0286530782787039,0.03317425496988764,-0.0011239395129538316
20,no_market_context,5,2024,16,-0.016120543928061306,-0.01790236433831525,0.026436045504211154,-0.00010317042067985895
20,no_market_context,5,2025,16,0.08646133660075597,0.1109398470131854,0.04984628140976648,0.02229539376582282
20,no_market_context,5,2026,16,0.08376934297770626,0.08593996900402535,0.016082082287558155,0.06350747744008421
20,no_market_context,8,2018,16,0.05034872817543031,0.05583079061684945,0.02555494788132,0.01577816604917422
20,no_market_context,8,2019,16,0.004564850146645908,0.0158001831700595,0.046418648730733196,-0.003581012579822506
20,no_market_context,8,2020,16,0.07421569444104169,0.08254541000073495,0.03530389399076838,0.022932612472528924
20,no_market_context,8,2021,16,0.049765593255657034,0.055726809004683506,0.025813552194523262,0.02959137304895442
20,no_market_context,8,2022,16,0.04156243461416587,0.04312261678841655,0.020223900909654095,0.009623762107400943
20,no_market_context,8,2023,16,0.010219217847738464,0.01063994244305465,0.02414736377906118,0.006663067232675806
20,no_market_context,8,2024,16,0.009588005021901474,0.0019797969519504497,0.05712676001683791,0.0015089836684560435
20,no_market_context,8,2025,16,0.10882417429781827,0.12002619229509985,0.04104979425175471,0.03748100232980734
20,no_market_context,8,2026,16,0.10202525430792256,0.10759173221306625,0.028553966710926006,0.067703222687417
20,no_market_context,expanding,2018,16,0.05034872817543031,0.05583079061684945,0.02555494788132,0.01577816604917422
20,no_market_context,expanding,2019,16,0.004564850146645908,0.0158001831700595,0.046418648730733196,-0.003581012579822506
20,no_market_context,expanding,2020,16,0.07421569444104169,0.08254541000073495,0.03530389399076838,0.022932612472528924
20,no_market_context,expanding,2021,16,0.045508421788094194,0.0482391795613485,0.016959281045878693,0.031801974570410625
20,no_market_context,expanding,2022,16,0.05311153118605459,0.055252930201439746,0.020416914056295452,0.011538523974897874
20,no_market_context,expanding,2023,16,0.005383066009230544,0.0100516595294869,0.024865114066664747,-6.230651637875013e-05
20,no_market_context,expanding,2024,16,0.02552782965443015,0.018247697225639202,0.036159760630678536,0.0034685503660475065
20,no_market_context,expanding,2025,16,0.12355295010566206,0.12784935461788016,0.03227000168384349,0.0361535478934761
20,no_market_context,expanding,2026,16,0.08325855003802235,0.08424634141668716,0.02238679842727655,0.0625540332653024
20,no_relative,3,2018,16,0.051157228530980176,0.05679056102647485,0.02005896247300724,0.013124964712014088
20,no_relative,3,2019,16,-0.027374161546044357,-0.015859061494369,0.04457713099294493,-0.00856419798022375
20,no_relative,3,2020,16,0.08476225592277721,0.08516216282431335,0.03464164608754542,0.02473352368284053
20,no_relative,3,2021,16,0.03629134995579604,0.041441236596368794,0.02233200120630779,0.026155291612672694
20,no_relative,3,2022,16,0.011123664167130325,0.010141820874688401,0.012691344017175112,0.006971882595127837
20,no_relative,3,2023,16,0.0033935514372163376,0.0018459935620489002,0.011157996692819125,-0.0008534137551785312
20,no_relative,3,2024,16,-0.03122156864184712,-0.04249149330982445,0.048571172625616575,-0.006587858305048388
20,no_relative,3,2025,16,0.021533911085095163,0.02424255652674285,0.040009719787928284,0.004943628574772106
20,no_relative,3,2026,16,0.08415039971588016,0.0960669836116334,0.05103030525497394,0.051973025627126024
20,no_relative,5,2018,16,0.04632190316556155,0.0499252551026768,0.028822829890130748,0.011322462432940893
20,no_relative,5,2019,16,-0.034875234920393135,-0.0100702702530789,0.053287586329255704,-0.01108574508277735
20,no_relative,5,2020,16,0.08752156075134626,0.10238577063478445,0.06997984427047173,0.026968585012649374
20,no_relative,5,2021,16,0.039268201499634885,0.0488917107840937,0.0287172137720405,0.030842906583225794
20,no_relative,5,2022,16,0.024221728063415982,0.0221300408788907,0.010761586944363022,0.007577106054860506
20,no_relative,5,2023,16,0.02868954760280744,0.033998084908880996,0.02408885352420098,0.006287610003649144
20,no_relative,5,2024,16,-0.022483035987159474,-0.0393340086949881,0.04621122882433268,-0.002063073718079477
20,no_relative,5,2025,16,0.05557714474772693,0.0620533171946464,0.0535278866643411,0.018529746600243487
20,no_relative,5,2026,16,0.07483685847641548,0.08064034023372349,0.039519553174837734,0.05265970154559627
20,no_relative,8,2018,16,0.061792263798693424,0.06817117043980285,0.033522021621998424,0.01458729842121042
20,no_relative,8,2019,16,-0.0021861484223520875,0.01492802244064105,0.054066701800508876,-0.005601070066978275
20,no_relative,8,2020,16,0.08866696568686475,0.09714501310728366,0.03575247513303734,0.02722401808156033
20,no_relative,8,2021,16,0.049920250090687866,0.060469524318371,0.02404884664346664,0.02939405110904743
20,no_relative,8,2022,16,0.05753795655960075,0.0601061120757747,0.02345969281717172,0.014231889705835863
20,no_relative,8,2023,16,0.05771446600593537,0.0588087432110042,0.015859878280767042,0.016059187425062908
20,no_relative,8,2024,16,0.0014311393547114981,-0.0025181399023898,0.04606565747259198,-0.003944686207792713
20,no_relative,8,2025,16,0.09676207673151901,0.1061585625985931,0.03137497437100105,0.03840520256703062
20,no_relative,8,2026,16,0.0764207738218766,0.07812336830359505,0.027994377867572223,0.05887576529709584
20,no_relative,expanding,2018,16,0.061792263798693424,0.06817117043980285,0.033522021621998424,0.01458729842121042
20,no_relative,expanding,2019,16,-0.0021861484223520875,0.01492802244064105,0.054066701800508876,-0.005601070066978275
20,no_relative,expanding,2020,16,0.08866696568686475,0.09714501310728366,0.03575247513303734,0.02722401808156033
20,no_relative,expanding,2021,16,0.05481283141051616,0.06358852478888474,0.02353887003249673,0.03199510397696515
20,no_relative,expanding,2022,16,0.06053002715719347,0.060800246634818755,0.01792555712070697,0.01521560426651872
20,no_relative,expanding,2023,16,0.03710031927373847,0.048234573690223354,0.03926185876514281,0.00944327570938792
20,no_relative,expanding,2024,16,-0.013098298736722887,-0.0153977243970923,0.021355409761908792,-0.005847612615328969
20,no_relative,expanding,2025,16,0.08640190846404092,0.09095969440862595,0.031516398346704416,0.027871593995574637
20,no_relative,expanding,2026,16,0.08722720118519756,0.08365434209696776,0.022682430295674873,0.06506065366723543
20,no_trend,3,2018,16,0.039242334936372136,0.0358068656396594,0.02804704505114982,0.006044535556547631
20,no_trend,3,2019,16,-0.03921957717912538,-0.042270475903992605,0.029719809091136855,-0.00905825224209368
20,no_trend,3,2020,16,0.05167743832226765,0.044295661121591445,0.04828881336771899,0.01582639579256306
20,no_trend,3,2021,16,0.01116902988065695,0.0136251486284719,0.014420579458002592,0.025951549402081994
20,no_trend,3,2022,16,-0.022736888669370257,-0.02363628530737315,0.009317664556772137,0.0030563844100850437
20,no_trend,3,2023,16,0.014672286294219076,0.0086186240251576,0.03531233849867984,0.0036074582295262747
20,no_trend,3,2024,16,-0.02382407611515965,-0.02817042000316005,0.026106067229124758,-0.0059146180100732
20,no_trend,3,2025,16,0.008406288135088726,0.0155592154217058,0.06778233566193455,0.005317009293351592
20,no_trend,3,2026,16,0.05975450343396273,0.0576265377427256,0.023606776491611345,0.037762786713107205
20,no_trend,5,2018,16,0.03945454360611695,0.04062667656238715,0.007821547129945585,0.004052763534099656
20,no_trend,5,2019,16,-0.043971463484077655,-0.02218627724750455,0.06610086390755332,-0.010110980778086637
20,no_trend,5,2020,16,0.06667160741847757,0.06073430188401885,0.04606743381974667,0.019675457892544757
20,no_trend,5,2021,16,0.017194858566682077,0.0171076312141982,0.014164913835016859,0.020823146819418544
20,no_trend,5,2022,16,-0.0052773616596340995,-0.0066060636349549,0.014743362438061994,0.0018959920319051062
20,no_trend,5,2023,16,0.0008520530492741425,0.01132831522845855,0.04510060323621132,-0.0016274677836520374
20,no_trend,5,2024,16,-0.011805518814400043,-0.02166055694876835,0.03085755101426804,0.0016134997031541874
20,no_trend,5,2025,16,0.06780741222108676,0.07282192215729265,0.03789662518559486,0.023895911978981093
20,no_trend,5,2026,16,0.039569139354211524,0.0332510328623906,0.04475076644396196,0.03602482053932201
20,no_trend,8,2018,16,0.04071684085161241,0.043259072627125805,0.008610598415107541,0.006771033726372012
20,no_trend,8,2019,16,-0.0280220522908435,-0.0146494211972452,0.05169187221759573,-0.006789480320145303
20,no_trend,8,2020,16,0.07397919984320256,0.0634972682950731,0.031100033690942754,0.021655013246402507
20,no_trend,8,2021,16,0.03585838586517705,0.04445345504180645,0.020403034589646662,0.024379932626557563
20,no_trend,8,2022,16,0.008125162153458819,0.01060608287773125,0.01576374633525086,0.0038764819945666
20,no_trend,8,2023,16,0.022659588935027813,0.0312364721874091,0.03904207585158902,0.009325551152980806
20,no_trend,8,2024,16,0.0021501413812596627,-0.00248639914825825,0.02873994054433202,0.0019761072422846
20,no_trend,8,2025,16,0.050097849056978117,0.062041014753008605,0.04330960554320618,0.020932690786163718
20,no_trend,8,2026,16,0.07713153134291612,0.0930878463790086,0.03726161553832477,0.06250995695139401
20,no_trend,expanding,2018,16,0.04071684085161241,0.043259072627125805,0.008610598415107541,0.006771033726372012
20,no_trend,expanding,2019,16,-0.0280220522908435,-0.0146494211972452,0.05169187221759573,-0.006789480320145303
20,no_trend,expanding,2020,16,0.07397919984320256,0.0634972682950731,0.031100033690942754,0.021655013246402507
20,no_trend,expanding,2021,16,0.03756803645683454,0.0387847403247787,0.01916882339067881,0.024661490461119106
20,no_trend,expanding,2022,16,0.010585206444332305,0.01170690337011875,0.018281231046088708,0.0047756423531520814
20,no_trend,expanding,2023,16,0.024163213324827425,0.0267875804088317,0.025134746944039135,0.007226652964207257
20,no_trend,expanding,2024,16,-0.005362702395137106,-0.0119637447246416,0.0265851697650019,0.0004138008528362625
20,no_trend,expanding,2025,16,0.08250989652059167,0.0876223547270147,0.040399315287336715,0.03334338997330049
20,no_trend,expanding,2026,16,0.09795645894231747,0.09933785220313204,0.018014460757186376,0.07528159096893175
20,no_volatility,3,2018,16,0.06311740882487288,0.06379832245190964,0.020330815538948506,0.0138287391709299
20,no_volatility,3,2019,16,0.00933413503198455,0.0052022140434916,0.022986639706766603,-0.001999052655616622
20,no_volatility,3,2020,16,0.07001315628292129,0.05991836734693875,0.045876182631950084,0.022202214373761506
20,no_volatility,3,2021,16,0.04887670944425649,0.049185759674721205,0.007131088212023264,0.037359432221092136
20,no_volatility,3,2022,16,0.02841614447105094,0.0288921687127862,0.015326149326936912,0.010141546768602025
20,no_volatility,3,2023,16,0.014833356047672505,0.01274635360480015,0.01315631675998354,0.003348679445214125
20,no_volatility,3,2024,16,-0.008864982835084707,-0.0133407290637005,0.038908313279014055,-0.001865564507934895
20,no_volatility,3,2025,16,0.03394169237943107,0.0238643556596192,0.03223296432028248,0.009859384850458688
20,no_volatility,3,2026,16,0.08420950794831679,0.0919708227389011,0.0378867033884798,0.051898023774211655
20,no_volatility,5,2018,16,0.041401534100772484,0.0415577440949642,0.017305547987813995,0.002840924162268819
20,no_volatility,5,2019,16,0.038394275826164205,0.03767703651061865,0.015811432827596908,0.0045278993736037314
20,no_volatility,5,2020,16,0.07489715069701346,0.07729798858318834,0.026579171437752264,0.02251054640553635
20,no_volatility,5,2021,16,0.06175572754617782,0.0603363843669616,0.007957425457804201,0.037397591690097536
20,no_volatility,5,2022,16,0.025113529524346163,0.01976665786227745,0.01684245291038201,0.007779377694801644
20,no_volatility,5,2023,16,0.03315010606419487,0.031552311800686905,0.012143362002112103,0.01211265608523588
20,no_volatility,5,2024,16,0.005981865556202338,9.263861372489998e-05,0.04585596668658927,0.0016526099255937312
20,no_volatility,5,2025,16,0.09004077688540599,0.09320964749536174,0.015092725622728662,0.03296024780438093
20,no_volatility,5,2026,16,0.024738291681136976,0.0116216759917686,0.03165329385902267,0.023208360194441207
20,no_volatility,8,2018,16,0.047582600377111754,0.04881585007528475,0.02067274966802337,0.0038325827945574573
20,no_volatility,8,2019,16,0.03208788436429693,0.03703701567655545,0.02258679247216994,0.00390820333255195
20,no_volatility,8,2020,16,0.1136793247911409,0.12017443712178745,0.024276670859243767,0.03457955281988994
20,no_volatility,8,2021,16,0.06926792071294616,0.06758293827230155,0.006798638958634308,0.03546577111439796
20,no_volatility,8,2022,16,0.06873625733689617,0.0719957376120992,0.014736183527197416,0.016457616912644663
20,no_volatility,8,2023,16,0.04346624765626759,0.043989707210083745,0.013757768464156373,0.015040476281067812
20,no_volatility,8,2024,16,0.02629940287694959,0.02085958323125675,0.04131281810885136,0.002425856365927131
20,no_volatility,8,2025,16,0.08944470350123515,0.0914321431051759,0.013818403107574071,0.03701654831191903
20,no_volatility,8,2026,16,0.058111236113389704,0.0729311894255837,0.03540120937128877,0.043431243786802076
20,no_volatility,expanding,2018,16,0.047582600377111754,0.04881585007528475,0.02067274966802337,0.0038325827945574573
20,no_volatility,expanding,2019,16,0.03208788436429693,0.03703701567655545,0.02258679247216994,0.00390820333255195
20,no_volatility,expanding,2020,16,0.1136793247911409,0.12017443712178745,0.024276670859243767,0.03457955281988994
20,no_volatility,expanding,2021,16,0.06626811290730565,0.0657397341052949,0.005691069459910765,0.036706484854445026
20,no_volatility,expanding,2022,16,0.06981834835924981,0.06759350858076806,0.009881450922307779,0.016981605316863543
20,no_volatility,expanding,2023,16,0.04394897193484933,0.04654989477123335,0.00971860844734821,0.014161171168640525
20,no_volatility,expanding,2024,16,0.008727770950986806,0.00525431143676955,0.03787989773233886,0.00040474727701345493
20,no_volatility,expanding,2025,16,0.09559545178548219,0.10693698967190175,0.02714004452334968,0.03247050415586457
20,no_volatility,expanding,2026,16,0.07748966189991037,0.0842994555855846,0.025033022408750664,0.05570705693537237
