year,horizon,seed,feature_set,train_window,train_rows,valid_rows,refit_rows,test_rows,best_epoch,best_valid_ic,test_ic,test_spread,refit_final_loss,clip_lo,clip_hi,run
2018,20,1,all,expanding,55678,10878,67585,12226,10,0.0369617549556012,0.0478198763928289,0.0160558167414619,0.6883539720015093,-0.1552808582782745,0.7390825152397156,v5_4_repaired_h20_seed1_20260829_155441
2019,20,1,all,expanding,67585,11176,79790,12050,1,0.102233463675152,-0.0481084583955599,-0.0118014822584672,0.8394751732165997,-0.1627968847751617,0.7242862582206726,v5_4_repaired_h20_seed1_20260829_155441
2020,20,1,all,expanding,79790,11000,91840,12250,25,0.0507170885178861,0.1136108974201925,0.0356233171043364,0.6801114837328593,-0.1599200069904327,0.6954249143600464,v5_4_repaired_h20_seed1_20260829_155441
2021,20,1,all,expanding,91840,11200,104090,12150,35,0.1187759389470073,0.060084522394722,0.0318804963958879,0.6577772287761464,-0.1662531495094299,0.5463051795959473,v5_4_repaired_h20_seed1_20260829_155441
2022,20,1,all,expanding,104090,11100,116240,12300,5,0.0863318712088089,0.0587308138775525,0.0128695716722447,0.6883351802825928,-0.175417959690094,0.5726451873779297,v5_4_repaired_h20_seed1_20260829_155441
2023,20,1,all,expanding,116240,11250,128540,11950,25,0.0768501577862017,0.0812094976536543,0.026191520426771,0.6757620062146869,-0.1767710298299789,0.4736236035823822,v5_4_repaired_h20_seed1_20260829_155441
2024,20,1,all,expanding,128540,10900,140490,12100,55,0.0754482790821786,-0.02060482555407,-0.0017404935477498,0.6157517718232196,-0.174796313047409,0.4286563694477081,v5_4_repaired_h20_seed1_20260829_155441
2025,20,1,all,expanding,140490,11050,152590,12150,1,0.0815496409755529,0.0640431975259239,0.0072307805834339,0.782288384437561,-0.1791461855173111,0.3991438746452331,v5_4_repaired_h20_seed1_20260829_155441
2026,20,1,all,expanding,152590,11100,164740,6850,15,0.1144764933000227,0.0815092450134144,0.0648482633386215,0.6855214260242604,-0.1806980967521667,0.3842253684997558,v5_4_repaired_h20_seed1_20260829_155441
2018,20,7,all,expanding,55678,10878,67585,12226,10,0.0399471447357253,0.0455188542269108,0.0158704570749844,0.6863823533058167,-0.1552808582782745,0.7390825152397156,v5_4_repaired_h20_seed7_20260829_155441
2019,20,7,all,expanding,67585,11176,79790,12050,25,0.0884589690792632,0.0036255847335643,-0.0053928644659195,0.6800024096782391,-0.1627968847751617,0.7242862582206726,v5_4_repaired_h20_seed7_20260829_155441
2020,20,7,all,expanding,79790,11000,91840,12250,1,0.1339981802748089,0.035511674057378,0.0114052995183567,0.8331919153531392,-0.1599200069904327,0.6954249143600464,v5_4_repaired_h20_seed7_20260829_155441
2021,20,7,all,expanding,91840,11200,104090,12150,20,0.1119323443663179,0.053149410909374,0.033672022588615,0.6806790513150832,-0.1662531495094299,0.5463051795959473,v5_4_repaired_h20_seed7_20260829_155441
2022,20,7,all,expanding,104090,11100,116240,12300,5,0.0902536622517821,0.0620377229390469,0.0150233579436543,0.6893337839528134,-0.175417959690094,0.5726451873779297,v5_4_repaired_h20_seed7_20260829_155441
2023,20,7,all,expanding,116240,11250,128540,11950,25,0.0776835595705081,0.0547642116928749,0.0150866897051995,0.6766754161743891,-0.1767710298299789,0.4736236035823822,v5_4_repaired_h20_seed7_20260829_155441
2024,20,7,all,expanding,128540,10900,140490,12100,1,0.0972626893277934,-0.0055823615498488,0.006570740879212,0.7864332795143127,-0.174796313047409,0.4286563694477081,v5_4_repaired_h20_seed7_20260829_155441
2025,20,7,all,expanding,140490,11050,152590,12150,35,0.013844936390854,0.0789437750408805,0.0238715063754023,0.6681256294250488,-0.1791461855173111,0.3991438746452331,v5_4_repaired_h20_seed7_20260829_155441
2026,20,7,all,expanding,152590,11100,164740,6850,15,0.1300200080032013,0.0842628074337707,0.0627378611970994,0.6836722669778047,-0.1806980967521667,0.3842253684997558,v5_4_repaired_h20_seed7_20260829_155441
2018,20,42,all,expanding,55678,10878,67585,12226,15,0.0420932147031086,0.0638777486545591,0.0154676949339927,0.6839397278699008,-0.1552808582782745,0.7390825152397156,v5_4_repaired_h20_seed42_20260829_155441
2019,20,42,all,expanding,67585,11176,79790,12050,20,0.0807906852418952,0.0261149341728476,-0.0016040052573496,0.6833471930944003,-0.1627968847751617,0.7242862582206726,v5_4_repaired_h20_seed42_20260829_155441
2020,20,42,all,expanding,79790,11000,91840,12250,20,0.0690999575472223,0.0703928265183624,0.025241523285892,0.6839182337125143,-0.1599200069904327,0.6954249143600464,v5_4_repaired_h20_seed42_20260829_155441
2021,20,42,all,expanding,91840,11200,104090,12150,35,0.1078768650317269,0.0567958983125994,0.0178086278539977,0.6687224717701182,-0.1662531495094299,0.5463051795959473,v5_4_repaired_h20_seed42_20260829_155441
2022,20,42,all,expanding,104090,11100,116240,12300,5,0.0829966761961931,0.0736021400350023,0.0151260408243927,0.6893029307064257,-0.175417959690094,0.5726451873779297,v5_4_repaired_h20_seed42_20260829_155441
2023,20,42,all,expanding,116240,11250,128540,11950,15,0.0954092909384041,0.0598564251901385,0.0211153560892167,0.6820620667366755,-0.1767710298299789,0.4736236035823822,v5_4_repaired_h20_seed42_20260829_155441
2024,20,42,all,expanding,128540,10900,140490,12100,30,0.0817544867990365,-0.0281716243737708,-0.0088375642818493,0.6721371464107347,-0.174796313047409,0.4286563694477081,v5_4_repaired_h20_seed42_20260829_155441
2025,20,42,all,expanding,140490,11050,152590,12150,1,0.0569657640689459,0.034747528641086,0.0009392930373315,0.7333113336563111,-0.1791461855173111,0.3991438746452331,v5_4_repaired_h20_seed42_20260829_155441
2026,20,42,all,expanding,152590,11100,164740,6850,5,0.1123956609670895,0.10343335298312,0.0726897835659396,0.6905480954382155,-0.1806980967521667,0.3842253684997558,v5_4_repaired_h20_seed42_20260829_155441
2018,20,123,all,expanding,55678,10878,67585,12226,5,0.0398437271118623,0.072622038834676,0.0140755539774894,0.6913279565897855,-0.1552808582782745,0.7390825152397156,v5_4_repaired_h20_seed123_20260829_155441
2019,20,123,all,expanding,67585,11176,79790,12050,25,0.0759812237176525,0.0598977604735532,0.0064574901318857,0.6794096919206473,-0.1627968847751617,0.7242862582206726,v5_4_repaired_h20_seed123_20260829_155441
2020,20,123,all,expanding,79790,11000,91840,12250,15,0.0522587037060894,0.0783240316534777,0.0265184611651991,0.6844813466072083,-0.1599200069904327,0.6954249143600464,v5_4_repaired_h20_seed123_20260829_155441
2021,20,123,all,expanding,91840,11200,104090,12150,40,0.0968658892128279,0.0651644711702515,0.0218922417923933,0.6428822103668662,-0.1662531495094299,0.5463051795959473,v5_4_repaired_h20_seed123_20260829_155441
2022,20,123,all,expanding,104090,11100,116240,12300,40,0.0960771414866455,0.0779021611083545,0.0190818693333957,0.6560185802610297,-0.175417959690094,0.5726451873779297,v5_4_repaired_h20_seed123_20260829_155441
2023,20,123,all,expanding,116240,11250,128540,11950,5,0.0802911295492101,0.0315158437995972,0.013399889098787,0.689406102611905,-0.1767710298299789,0.4736236035823822,v5_4_repaired_h20_seed123_20260829_155441
2024,20,123,all,expanding,128540,10900,140490,12100,40,0.0631137323027481,0.0024279321446349,-0.0027728309588379,0.6578532042710677,-0.174796313047409,0.4286563694477081,v5_4_repaired_h20_seed123_20260829_155441
2025,20,123,all,expanding,140490,11050,152590,12150,25,0.0374671274165065,0.0625172538151063,0.0185292040013411,0.6761705017089844,-0.1791461855173111,0.3991438746452331,v5_4_repaired_h20_seed123_20260829_155441
2026,20,123,all,expanding,152590,11100,164740,6850,1,0.1198767074397326,0.1239049731347907,0.0821949949273208,0.741841338298939,-0.1806980967521667,0.3842253684997558,v5_4_repaired_h20_seed123_20260829_155441
2018,20,2026,all,expanding,55678,10878,67585,12226,10,0.0388598564705772,0.0498844587955075,0.0138630833251676,0.6881522048603405,-0.1552808582782745,0.7390825152397156,v5_4_repaired_h20_seed2026_20260829_155710
2019,20,2026,all,expanding,67585,11176,79790,12050,20,0.0933398960365729,0.0508165530395358,0.0047615886120824,0.6815698742866516,-0.1627968847751617,0.7242862582206726,v5_4_repaired_h20_seed2026_20260829_155710
2020,20,2026,all,expanding,79790,11000,91840,12250,10,0.0454637999847732,0.0779445819143983,0.0294311579208672,0.6883905291557312,-0.1599200069904327,0.6954249143600464,v5_4_repaired_h20_seed2026_20260829_155710
2021,20,2026,all,expanding,91840,11200,104090,12150,40,0.1251114731606928,0.0539273629751076,0.0208593779604545,0.6518980089355918,-0.1662531495094299,0.5463051795959473,v5_4_repaired_h20_seed2026_20260829_155710
2022,20,2026,all,expanding,104090,11100,116240,12300,15,0.0937244528377845,0.0909552365680556,0.0211169530635102,0.6825820050741497,-0.175417959690094,0.5726451873779297,v5_4_repaired_h20_seed2026_20260829_155710
2023,20,2026,all,expanding,116240,11250,128540,11950,5,0.0774146731810203,0.0225521417681526,0.0068546467457546,0.688618452776046,-0.1767710298299789,0.4736236035823822,v5_4_repaired_h20_seed2026_20260829_155710
2024,20,2026,all,expanding,128540,10900,140490,12100,1,0.0907472913985292,0.0515055658998108,0.0131238169097946,0.7566239004549773,-0.174796313047409,0.4286563694477081,v5_4_repaired_h20_seed2026_20260829_155710
2025,20,2026,all,expanding,140490,11050,152590,12150,1,0.0664316390687465,0.1285608564413419,0.0579415755814043,0.7590606427192688,-0.1791461855173111,0.3991438746452331,v5_4_repaired_h20_seed2026_20260829_155710
2026,20,2026,all,expanding,152590,11100,164740,6850,5,0.1205472459253971,0.1017544254470157,0.0742985202341436,0.6894210621162697,-0.1806980967521667,0.3842253684997558,v5_4_repaired_h20_seed2026_20260829_155710
2018,20,3407,all,expanding,55678,10878,67585,12226,10,0.0394603788399013,0.0479369219740323,0.011759407362495,0.6887111718004401,-0.1552808582782745,0.7390825152397156,v5_4_repaired_h20_seed3407_20260829_155704
2019,20,3407,all,expanding,67585,11176,79790,12050,20,0.0931459893839644,0.0597355863489986,0.0043582619108891,0.6806450532032893,-0.1627968847751617,0.7242862582206726,v5_4_repaired_h20_seed3407_20260829_155704
2020,20,3407,all,expanding,79790,11000,91840,12250,15,0.0684691700034997,0.0866515422495528,0.0279535775408171,0.6850848992665609,-0.1599200069904327,0.6954249143600464,v5_4_repaired_h20_seed3407_20260829_155704
2021,20,3407,all,expanding,91840,11200,104090,12150,1,0.1184252272337506,-0.0202316254455881,0.0173685124732112,0.7917835116386414,-0.1662531495094299,0.5463051795959473,v5_4_repaired_h20_seed3407_20260829_155704
2022,20,3407,all,expanding,104090,11100,116240,12300,30,0.1005440487285576,0.0802188285149626,0.0191584126774106,0.6774783040347853,-0.175417959690094,0.5726451873779297,v5_4_repaired_h20_seed3407_20260829_155704
2023,20,3407,all,expanding,116240,11250,128540,11950,1,0.1024909482805812,0.0434738437432297,0.0276122338878195,0.7653992686952863,-0.1767710298299789,0.4736236035823822,v5_4_repaired_h20_seed3407_20260829_155704
2024,20,3407,all,expanding,128540,10900,140490,12100,25,0.0770302753567788,-0.0010566569755952,-0.0031903311656866,0.6789629796276921,-0.174796313047409,0.4286563694477081,v5_4_repaired_h20_seed3407_20260829_155704
2025,20,3407,all,expanding,140490,11050,152590,12150,1,0.0619549790024932,0.0885148133327405,0.0312476696213944,0.7702835965156555,-0.1791461855173111,0.3991438746452331,v5_4_repaired_h20_seed3407_20260829_155704
2026,20,3407,all,expanding,152590,11100,164740,6850,10,0.1356676724743951,0.0830038046779859,0.0619215338147072,0.6872083213594224,-0.1806980967521667,0.3842253684997558,v5_4_repaired_h20_seed3407_20260829_155704
2018,20,8765,all,expanding,55678,10878,67585,12226,25,0.0317951313276184,0.044190278133866,0.0069282071367687,0.6783251057971608,-0.1552808582782745,0.7390825152397156,v5_4_repaired_h20_seed8765_20260829_155704
2019,20,8765,all,expanding,67585,11176,79790,12050,15,0.0765690848345232,0.0719795021242602,0.0089151469871531,0.6865806304491483,-0.1627968847751617,0.7242862582206726,v5_4_repaired_h20_seed8765_20260829_155704
2020,20,8765,all,expanding,79790,11000,91840,12250,1,0.0865839988234215,0.0147540485581987,-0.0026203485583746,0.798933474222819,-0.1599200069904327,0.6954249143600464,v5_4_repaired_h20_seed8765_20260829_155704
2021,20,8765,all,expanding,91840,11200,104090,12150,30,0.1225008574858514,0.0594497741848075,0.0395532575622895,0.6706193229731392,-0.1662531495094299,0.5463051795959473,v5_4_repaired_h20_seed8765_20260829_155704
2022,20,8765,all,expanding,104090,11100,116240,12300,20,0.0860556735379953,0.0937481456604857,0.022737380882233,0.679845088406613,-0.175417959690094,0.5726451873779297,v5_4_repaired_h20_seed8765_20260829_155704
2023,20,8765,all,expanding,116240,11250,128540,11950,20,0.0908794599051829,0.0464548457410131,0.012802058512403,0.679905945346469,-0.1767710298299789,0.4736236035823822,v5_4_repaired_h20_seed8765_20260829_155704
2024,20,8765,all,expanding,128540,10900,140490,12100,20,0.0949500408496154,-0.0346756562941199,-0.0144768311747052,0.6813927577889484,-0.174796313047409,0.4286563694477081,v5_4_repaired_h20_seed8765_20260829_155704
2025,20,8765,all,expanding,140490,11050,152590,12150,1,0.0125186524218639,0.1210572130086602,0.0584284473307179,0.7366212677955627,-0.1791461855173111,0.3991438746452331,v5_4_repaired_h20_seed8765_20260829_155704
2026,20,8765,all,expanding,152590,11100,164740,6850,5,0.1154087580978337,0.113761010703831,0.0824226891367437,0.6896994445059035,-0.1806980967521667,0.3842253684997558,v5_4_repaired_h20_seed8765_20260829_155704
2018,20,9999,all,expanding,55678,10878,67585,12226,10,0.0424340396772445,0.0461628443467309,0.0079090463571225,0.6876957850022749,-0.1552808582782745,0.7390825152397156,v5_4_repaired_h20_seed9999_20260829_155714
2019,20,9999,all,expanding,67585,11176,79790,12050,1,0.1043328843407967,-0.0439230613438484,-0.0095856405011656,0.8164660334587097,-0.1627968847751617,0.7242862582206726,v5_4_repaired_h20_seed9999_20260829_155714
2020,20,9999,all,expanding,79790,11000,91840,12250,10,0.0509652800042842,0.0906839797143347,0.0292971750364258,0.6883080124855041,-0.1599200069904327,0.6954249143600464,v5_4_repaired_h20_seed9999_20260829_155714
2021,20,9999,all,expanding,91840,11200,104090,12150,40,0.0979205968101526,0.0519722342483183,0.018487788396072,0.6558380232137793,-0.1662531495094299,0.5463051795959473,v5_4_repaired_h20_seed9999_20260829_155714
2022,20,9999,all,expanding,104090,11100,116240,12300,25,0.0879948051990686,0.0808452135621571,0.0188402677957591,0.6759125841291327,-0.175417959690094,0.5726451873779297,v5_4_repaired_h20_seed9999_20260829_155714
2023,20,9999,all,expanding,116240,11250,128540,11950,25,0.0965867142089957,0.0416675800359083,0.0072945711462259,0.6772481486910865,-0.1767710298299789,0.4736236035823822,v5_4_repaired_h20_seed9999_20260829_155714
2024,20,9999,all,expanding,128540,10900,140490,12100,20,0.0914851589730824,-0.0397014088187393,-0.0132037091670918,0.6805666192718174,-0.174796313047409,0.4286563694477081,v5_4_repaired_h20_seed9999_20260829_155714
2025,20,9999,all,expanding,140490,11050,152590,12150,40,0.0176078256959838,0.0645775347175907,0.0145481218784386,0.6592203879356384,-0.1791461855173111,0.3991438746452331,v5_4_repaired_h20_seed9999_20260829_155714
2026,20,9999,all,expanding,152590,11100,164740,6850,10,0.1349919427230351,0.0657470333563185,0.0616624822199168,0.6868791006229542,-0.1806980967521667,0.3842253684997558,v5_4_repaired_h20_seed9999_20260829_155714
2018,20,31415,all,expanding,55678,10878,67585,12226,5,0.038184173899988,0.056118355047934,0.0188881874165623,0.6893342895941301,-0.1552808582782745,0.7390825152397156,v5_4_repaired_h20_seed31415_20260829_155915
2019,20,31415,all,expanding,67585,11176,79790,12050,1,0.1036030978463478,0.0081358089448783,-0.0003025853543807,0.808224998987638,-0.1627968847751617,0.7242862582206726,v5_4_repaired_h20_seed31415_20260829_155915
2020,20,31415,all,expanding,79790,11000,91840,12250,40,0.0365051595419317,0.0779437979273341,0.0137179826374809,0.6493241866429647,-0.1599200069904327,0.6954249143600464,v5_4_repaired_h20_seed31415_20260829_155915
2021,20,31415,all,expanding,91840,11200,104090,12150,15,0.1159338020922654,0.0475574460888376,0.0328232721405332,0.6846117272096521,-0.1662531495094299,0.5463051795959473,v5_4_repaired_h20_seed31415_20260829_155915
2022,20,31415,all,expanding,104090,11100,116240,12300,25,0.0994450196462939,0.061670702495916,0.014412584041037,0.6742668528305856,-0.175417959690094,0.5726451873779297,v5_4_repaired_h20_seed31415_20260829_155915
2023,20,31415,all,expanding,116240,11250,128540,11950,20,0.1025097272405166,0.0343471867535749,0.0069868962785509,0.6810571920304072,-0.1767710298299789,0.4736236035823822,v5_4_repaired_h20_seed31415_20260829_155915
2024,20,31415,all,expanding,128540,10900,140490,12100,1,0.0926808232305934,0.0310566927472461,0.0037622506281862,0.7747369201286979,-0.174796313047409,0.4286563694477081,v5_4_repaired_h20_seed31415_20260829_155915
2025,20,31415,all,expanding,140490,11050,152590,12150,1,0.0842050527975648,0.0963192190456429,0.035042332034065,0.7723693037033081,-0.1791461855173111,0.3991438746452331,v5_4_repaired_h20_seed31415_20260829_155915
2026,20,31415,all,expanding,152590,11100,164740,6850,5,0.1329552361485134,0.0924436297088807,0.0739705672615486,0.6887838774257236,-0.1806980967521667,0.3842253684997558,v5_4_repaired_h20_seed31415_20260829_155915
2018,20,27182,all,expanding,55678,10878,67585,12226,1,0.0402576148879692,0.0212524731243659,0.0181963851192455,0.9101504520936444,-0.1552808582782745,0.7390825152397156,v5_4_repaired_h20_seed27182_20260829_155915
2019,20,27182,all,expanding,67585,11176,79790,12050,35,0.0775562691115567,0.0069998770128024,-0.0043521901363063,0.6618631436274602,-0.1627968847751617,0.7242862582206726,v5_4_repaired_h20_seed27182_20260829_155915
2020,20,27182,all,expanding,79790,11000,91840,12250,10,0.0734625080732514,0.0998613322880172,0.0300206375922457,0.6875754555066427,-0.1599200069904327,0.6954249143600464,v5_4_repaired_h20_seed27182_20260829_155915
2021,20,27182,all,expanding,91840,11200,104090,12150,1,0.1230569370605384,0.0544779013134409,0.0097581618064431,0.7794723721111522,-0.1662531495094299,0.5463051795959473,v5_4_repaired_h20_seed27182_20260829_155915
2022,20,27182,all,expanding,104090,11100,116240,12300,25,0.0994225098897929,0.0565385328112564,0.0165781349920614,0.6758929365559628,-0.175417959690094,0.5726451873779297,v5_4_repaired_h20_seed27182_20260829_155915
2023,20,27182,all,expanding,116240,11250,128540,11950,25,0.0838874336517644,0.0622650243542269,0.0175921779162416,0.6750037045705886,-0.1767710298299789,0.4736236035823822,v5_4_repaired_h20_seed27182_20260829_155915
2024,20,27182,all,expanding,128540,10900,140490,12100,1,0.0883586386689145,0.0350456770959704,0.0115744822228656,0.7832520163577535,-0.174796313047409,0.4286563694477081,v5_4_repaired_h20_seed27182_20260829_155915
2025,20,27182,all,expanding,140490,11050,152590,12150,1,0.0387002089868807,0.1218871746229355,0.0479022761268829,0.7437776708602906,-0.1791461855173111,0.3991438746452331,v5_4_repaired_h20_seed27182_20260829_155915
2026,20,27182,all,expanding,152590,11100,164740,6850,15,0.134791646388285,0.0588179108009582,0.0465448319605586,0.6847452256414626,-0.1806980967521667,0.3842253684997558,v5_4_repaired_h20_seed27182_20260829_155915
2018,20,16180,all,expanding,55678,10878,67585,12226,15,0.0385730372937222,0.0462574657482676,0.0082613899322529,0.685545720837333,-0.1552808582782745,0.7390825152397156,v5_4_repaired_h20_seed16180_20260829_155920
2019,20,16180,all,expanding,67585,11176,79790,12050,15,0.0831249354433633,0.0549372542303674,0.0062506021700457,0.6854465053631709,-0.1627968847751617,0.7242862582206726,v5_4_repaired_h20_seed16180_20260829_155920
2020,20,16180,all,expanding,79790,11000,91840,12250,25,0.0614304028851679,0.0672019991670137,0.020760387080204,0.6816920757293701,-0.1599200069904327,0.6954249143600464,v5_4_repaired_h20_seed16180_20260829_155920
2021,20,16180,all,expanding,91840,11200,104090,12150,40,0.1083193277310924,0.0526118913671505,0.0210497483189014,0.653566441115211,-0.1662531495094299,0.5463051795959473,v5_4_repaired_h20_seed16180_20260829_155920
2022,20,16180,all,expanding,104090,11100,116240,12300,25,0.0995445227278952,0.0307943640008896,0.010681741616773,0.6742472648620605,-0.175417959690094,0.5726451873779297,v5_4_repaired_h20_seed16180_20260829_155920
2023,20,16180,all,expanding,116240,11250,128540,11950,30,0.0929092929934017,0.03900544836115,0.0098515030459625,0.6709046619279044,-0.1767710298299789,0.4736236035823822,v5_4_repaired_h20_seed16180_20260829_155920
2024,20,16180,all,expanding,128540,10900,140490,12100,25,0.0923741643196472,0.0387999030111233,0.0056229254911334,0.6752425820931144,-0.174796313047409,0.4286563694477081,v5_4_repaired_h20_seed16180_20260829_155920
2025,20,16180,all,expanding,140490,11050,152590,12150,5,0.0448101941800158,0.1351207149526477,0.0507601749278378,0.6903013443946838,-0.1791461855173111,0.3991438746452331,v5_4_repaired_h20_seed16180_20260829_155920
2026,20,16180,all,expanding,152590,11100,164740,6850,10,0.14837502568595,0.0647396973321621,0.0567695629508573,0.6870594046733998,-0.1806980967521667,0.3842253684997558,v5_4_repaired_h20_seed16180_20260829_155920
2018,20,42424,all,expanding,55678,10878,67585,12226,1,0.0414628084825673,0.0129559535101386,0.0183934861055629,0.8806985562497919,-0.1552808582782745,0.7390825152397156,v5_4_repaired_h20_seed42424_20260829_155945
2019,20,42424,all,expanding,67585,11176,79790,12050,1,0.1309718254941267,-0.0819975260388356,-0.0182907857415654,0.8336197321231549,-0.1627968847751617,0.7242862582206726,v5_4_repaired_h20_seed42424_20260829_155945
2020,20,42424,all,expanding,79790,11000,91840,12250,15,0.0725207143976238,0.0926851066957395,0.0306092309982368,0.6846718311309814,-0.1599200069904327,0.6954249143600464,v5_4_repaired_h20_seed42424_20260829_155945
2021,20,42424,all,expanding,91840,11200,104090,12150,30,0.0993483107528725,0.0791252152408,0.0324537245844588,0.6677626196075889,-0.1662531495094299,0.5463051795959473,v5_4_repaired_h20_seed42424_20260829_155945
2022,20,42424,all,expanding,104090,11100,116240,12300,10,0.0837628488380364,0.07159665619832,0.0173688905558766,0.686343042474044,-0.175417959690094,0.5726451873779297,v5_4_repaired_h20_seed42424_20260829_155945
2023,20,42424,all,expanding,116240,11250,128540,11950,20,0.0956657922586941,0.0308538313505695,0.006472268708806,0.682383520262582,-0.1767710298299789,0.4736236035823822,v5_4_repaired_h20_seed42424_20260829_155945
2024,20,42424,all,expanding,128540,10900,140490,12100,10,0.0632707861984698,-0.0073535062209806,-0.0058069074842686,0.6864735069482223,-0.174796313047409,0.4286563694477081,v5_4_repaired_h20_seed42424_20260829_155945
2025,20,42424,all,expanding,140490,11050,152590,12150,1,0.0699759170962318,0.1120624052089972,0.0498469419575685,0.7679374814033508,-0.1791461855173111,0.3991438746452331,v5_4_repaired_h20_seed42424_20260829_155945
2026,20,42424,all,expanding,152590,11100,164740,6850,1,0.1312754290905551,0.1006580498673047,0.0606379719482463,0.7531322836875916,-0.1806980967521667,0.3842253684997558,v5_4_repaired_h20_seed42424_20260829_155945
2018,20,13579,all,expanding,55678,10878,67585,12226,5,0.0384746784550599,0.0596506696010525,0.0078863891585932,0.690215446732261,-0.1552808582782745,0.7390825152397156,v5_4_repaired_h20_seed13579_20260829_160125
2019,20,13579,all,expanding,67585,11176,79790,12050,1,0.1190472707057874,0.0351610955010218,0.0035947434231386,0.8049575136258051,-0.1627968847751617,0.7242862582206726,v5_4_repaired_h20_seed13579_20260829_160125
2020,20,13579,all,expanding,79790,11000,91840,12250,30,0.0254585523963772,0.0340801136781243,0.0038716274533118,0.674908709526062,-0.1599200069904327,0.6954249143600464,v5_4_repaired_h20_seed13579_20260829_160125
2021,20,13579,all,expanding,91840,11200,104090,12150,10,0.0962270622534728,0.0731123652007335,0.0372200901889424,0.6859720629804275,-0.1662531495094299,0.5463051795959473,v5_4_repaired_h20_seed13579_20260829_160125
2022,20,13579,all,expanding,104090,11100,116240,12300,5,0.093164232435555,0.0629167046818065,0.0149494384075991,0.6891216039657593,-0.175417959690094,0.5726451873779297,v5_4_repaired_h20_seed13579_20260829_160125
2023,20,13579,all,expanding,116240,11250,128540,11950,20,0.0978930385521636,0.0290764917004896,0.0091755736825433,0.6805040694418407,-0.1767710298299789,0.4736236035823822,v5_4_repaired_h20_seed13579_20260829_160125
2024,20,13579,all,expanding,128540,10900,140490,12100,15,0.0763604353549536,-0.0314300127498927,-0.0087460320931634,0.6835389370503633,-0.174796313047409,0.4286563694477081,v5_4_repaired_h20_seed13579_20260829_160125
2025,20,13579,all,expanding,140490,11050,152590,12150,1,0.0862220645678008,0.0793678459037936,0.0211281603678686,0.7268650913238526,-0.1791461855173111,0.3991438746452331,v5_4_repaired_h20_seed13579_20260829_160125
2026,20,13579,all,expanding,152590,11100,164740,6850,15,0.1250173582946692,0.0765040505380748,0.0536847039134833,0.685609428970902,-0.1806980967521667,0.3842253684997558,v5_4_repaired_h20_seed13579_20260829_160125
2018,20,24680,all,expanding,55678,10878,67585,12226,15,0.0451679985945304,0.0450506592059673,0.0126230301687075,0.6850455836816267,-0.1552808582782745,0.7390825152397156,v5_4_repaired_h20_seed24680_20260829_160126
2019,20,24680,all,expanding,67585,11176,79790,12050,25,0.0888615691719415,0.0087054342971434,-0.0051514154539734,0.6799764770727891,-0.1627968847751617,0.7242862582206726,v5_4_repaired_h20_seed24680_20260829_160126
2020,20,24680,all,expanding,79790,11000,91840,12250,1,0.0679640855404662,0.1142949261337187,0.0328834910854542,0.7970285932223002,-0.1599200069904327,0.6954249143600464,v5_4_repaired_h20_seed24680_20260829_160126
2021,20,24680,all,expanding,91840,11200,104090,12150,35,0.0921351397701937,0.0831029136938109,0.032806691346511,0.6659904823583715,-0.1662531495094299,0.5463051795959473,v5_4_repaired_h20_seed24680_20260829_160126
2022,20,24680,all,expanding,104090,11100,116240,12300,5,0.0930484914887411,0.0320286091349595,0.0067120757715343,0.6902915960864017,-0.175417959690094,0.5726451873779297,v5_4_repaired_h20_seed24680_20260829_160126
2023,20,24680,all,expanding,116240,11250,128540,11950,10,0.0935941611421331,0.0407548214420805,0.0181447200752552,0.687828120731172,-0.1767710298299789,0.4736236035823822,v5_4_repaired_h20_seed24680_20260829_160126
2024,20,24680,all,expanding,128540,10900,140490,12100,30,0.0826500478388891,-0.0165229833498606,-0.0067625679908324,0.6712936992230623,-0.174796313047409,0.4286563694477081,v5_4_repaired_h20_seed24680_20260829_160126
2025,20,24680,all,expanding,140490,11050,152590,12150,5,0.0385802727490666,0.1204548980085861,0.043802807113748,0.6909625601768493,-0.1791461855173111,0.3991438746452331,v5_4_repaired_h20_seed24680_20260829_160126
2026,20,24680,all,expanding,152590,11100,164740,6850,1,0.1295324616333019,0.1164226988601576,0.0788439435553328,0.7514520949787564,-0.1806980967521667,0.3842253684997558,v5_4_repaired_h20_seed24680_20260829_160126
2018,20,55555,all,expanding,55678,10878,67585,12226,15,0.0442721522340025,0.0706159231359164,0.022048284261366,0.6854444688016718,-0.1552808582782745,0.7390825152397156,v5_4_repaired_h20_seed55555_20260829_160149
2019,20,55555,all,expanding,67585,11176,79790,12050,20,0.08219664287971,0.0186643744230628,-0.0025891204610518,0.6808736599408663,-0.1627968847751617,0.7242862582206726,v5_4_repaired_h20_seed55555_20260829_160149
2020,20,55555,all,expanding,79790,11000,91840,12250,25,0.0686680139789666,0.0924259989710169,0.0260879903686715,0.6789395173390707,-0.1599200069904327,0.6954249143600464,v5_4_repaired_h20_seed55555_20260829_160149
2021,20,55555,all,expanding,91840,11200,104090,12150,25,0.1057391528039787,0.0808159813769388,0.0295823443117907,0.675677264437956,-0.1662531495094299,0.5463051795959473,v5_4_repaired_h20_seed55555_20260829_160149
2022,20,55555,all,expanding,104090,11100,116240,12300,15,0.078657431838945,0.0958705578169487,0.021601215743497,0.6834203161691365,-0.175417959690094,0.5726451873779297,v5_4_repaired_h20_seed55555_20260829_160149
2023,20,55555,all,expanding,116240,11250,128540,11950,10,0.0766649294674711,0.0612407413085871,0.0194853830797556,0.6858019090834118,-0.1767710298299789,0.4736236035823822,v5_4_repaired_h20_seed55555_20260829_160149
2024,20,55555,all,expanding,128540,10900,140490,12100,25,0.0690725330690473,0.0110731737126738,-3.722455628282704e-05,0.6737500817879386,-0.174796313047409,0.4286563694477081,v5_4_repaired_h20_seed55555_20260829_160149
2025,20,55555,all,expanding,140490,11050,152590,12150,35,0.0287426515290277,0.0577457649726557,0.0161016401896655,0.6680160403251648,-0.1791461855173111,0.3991438746452331,v5_4_repaired_h20_seed55555_20260829_160149
2026,20,55555,all,expanding,152590,11100,164740,6850,5,0.114180591155381,0.1162275114891181,0.0804559779840901,0.6898861549518727,-0.1806980967521667,0.3842253684997558,v5_4_repaired_h20_seed55555_20260829_160149
2018,20,77777,all,expanding,55678,10878,67585,12226,25,0.0473908345774137,0.0675643200694708,0.0190353932918347,0.6796951510689475,-0.1552808582782745,0.7390825152397156,v5_4_repaired_h20_seed77777_20260829_160153
2019,20,77777,all,expanding,67585,11176,79790,12050,20,0.0677605771651725,0.037681194784152,0.0006045130988246,0.6818909003184392,-0.1627968847751617,0.7242862582206726,v5_4_repaired_h20_seed77777_20260829_160153
2020,20,77777,all,expanding,79790,11000,91840,12250,20,0.0449768128614869,0.1028604748021657,0.0312914333455594,0.6828765114148457,-0.1599200069904327,0.6954249143600464,v5_4_repaired_h20_seed77777_20260829_160153
2021,20,77777,all,expanding,91840,11200,104090,12150,25,0.1248666609500943,0.0901473024097917,0.0410229373094206,0.6770176747265984,-0.1662531495094299,0.5463051795959473,v5_4_repaired_h20_seed77777_20260829_160153
2022,20,77777,all,expanding,104090,11100,116240,12300,5,0.0967903050368356,0.0733575475765103,0.0142980982864503,0.6905654543324521,-0.175417959690094,0.5726451873779297,v5_4_repaired_h20_seed77777_20260829_160153
2023,20,77777,all,expanding,116240,11250,128540,11950,1,0.0749082873816857,0.0483603424028326,0.0219936318661247,0.7712721767879668,-0.1767710298299789,0.4736236035823822,v5_4_repaired_h20_seed77777_20260829_160153
2024,20,77777,all,expanding,128540,10900,140490,12100,20,0.0834481151772855,-0.0073906150453538,-0.0008840829586274,0.6805923425632975,-0.174796313047409,0.4286563694477081,v5_4_repaired_h20_seed77777_20260829_160153
2025,20,77777,all,expanding,140490,11050,152590,12150,1,0.053198321895462,0.0682945770900953,0.025722617055849,0.7391016721725464,-0.1791461855173111,0.3991438746452331,v5_4_repaired_h20_seed77777_20260829_160153
2026,20,77777,all,expanding,152590,11100,164740,6850,10,0.1173321220380043,0.0848166229150737,0.0684236380902221,0.6874018068666812,-0.1806980967521667,0.3842253684997558,v5_4_repaired_h20_seed77777_20260829_160153
