signal,execution_horizon,entry_k,exit_k,slippage_bps,periods,start_date,end_date,strategy_total_return,strategy_cagr,gross_total_return,cost_drag_total_return,0050_total_return,0050_cagr,ew_net_total_return,ew_net_cagr,alpha_simple_vs_0050,relative_return_vs_0050,alpha_simple_vs_ew_net,strategy_sharpe,active_sharpe,period_max_drawdown,mean_turnover,total_transaction_cost_sum,positive_alpha_years,years,worst_year,worst_year_alpha
h10,10,3,3,0.0,209,2018-01-02,2026-07-30,19.490690943984216,0.42233197664937916,52.705184495333704,33.21449355134949,5.84173666258457,0.25148942237977323,5.927830788780219,0.2533164286308367,13.648954281399647,1.9949546371817743,13.562860155203996,1.092818334046682,0.5528703456789691,-0.4191623702674562,0.7873129517386821,0.9611081804432999,7,9,2024,-0.5688019384261075
h10,10,3,5,0.0,209,2018-01-02,2026-07-30,15.258923813144584,0.38446234861885187,37.47357182420063,22.21464801105605,5.84173666258457,0.25148942237977323,5.927830788780219,0.2533164286308367,9.417187150560014,1.376432273703228,9.331093024364364,0.9961733755260993,0.4689842655189835,-0.4078941567959622,0.7040395997757327,0.8592940166657997,7,9,2024,-0.5055895499589316
h10,10,3,10,0.0,209,2018-01-02,2026-07-30,24.27276687268417,0.457564870774146,49.5439985738049,25.27123170112073,5.84173666258457,0.25148942237977323,5.927830788780219,0.2533164286308367,18.4310302100996,2.693911081216183,18.34493608390395,1.105243288546872,0.6122254718941553,-0.4044997515810399,0.5730831665598478,0.6916801335943981,7,9,2024,-0.4035521698798421
h10,10,5,5,0.0,209,2018-01-02,2026-07-30,26.31746537414963,0.4708535086159342,68.15383238027127,41.836367006121634,5.84173666258457,0.25148942237977323,5.927830788780219,0.2533164286308367,20.47572871156506,2.992767731552831,20.38963458536941,1.3079521925693882,0.7085747883407859,-0.3357401203323631,0.7590946662903669,0.9266070937399172,7,9,2024,-0.49177896771411533
h10,10,5,10,0.0,209,2018-01-02,2026-07-30,22.36221634346302,0.44426006225322046,47.95958040646659,25.59736406300357,5.84173666258457,0.25148942237977323,5.927830788780219,0.2533164286308367,16.520479680878452,2.4146617292688357,16.4343855546828,1.257547905340627,0.6558433496622635,-0.35682080874833355,0.6058663523021376,0.7383624956422086,7,9,2024,-0.4944179898767973
h10,10,5,15,0.0,209,2018-01-02,2026-07-30,17.60751644362015,0.40642571132261307,32.934697245631256,15.327180802011107,5.84173666258457,0.25148942237977323,5.927830788780219,0.2533164286308367,11.76577978103558,1.7197066127053882,11.679685654839929,1.2031398292728035,0.5629537032942419,-0.340617278221226,0.49302247532505145,0.5997939294561742,7,9,2024,-0.5558260943005506
h10,10,10,10,0.0,209,2018-01-02,2026-07-30,18.79586756267755,0.41661953380108296,43.23980400890692,24.443936446229372,5.84173666258457,0.25148942237977323,5.927830788780219,0.2533164286308367,12.95413090009298,1.8933980565103128,12.86803677389733,1.4413659752991568,0.6906932429398022,-0.25212385229021983,0.6576029188393852,0.8025182087189743,6,9,2024,-0.44843347470208705
h10,10,10,15,0.0,209,2018-01-02,2026-07-30,19.599634829331453,0.4232120862349922,38.72166699399475,19.1220321646633,5.84173666258457,0.25148942237977323,5.927830788780219,0.2533164286308367,13.757898166746884,2.0108780628732394,13.671804040551233,1.4579890529931618,0.7183342156201399,-0.25970093410079265,0.5373418452551296,0.6554810071011843,7,9,2024,-0.46357083759761486
h10,10,10,20,0.0,209,2018-01-02,2026-07-30,24.22825345225626,0.45726515381581945,40.96308470617149,16.73483125391523,5.84173666258457,0.25148942237977323,5.927830788780219,0.2533164286308367,18.386516789671692,2.6874049231128847,18.30042266347604,1.5257239991776768,0.8385701420035603,-0.26830227668509643,0.41692600842765026,0.5081045842040666,7,9,2024,-0.39861393868502315
h10,10,15,15,0.0,209,2018-01-02,2026-07-30,13.236772370232767,0.36317747212207596,27.697372010827333,14.460599640594566,5.84173666258457,0.25148942237977323,5.927830788780219,0.2533164286308367,7.395035707648197,1.0808711402310256,7.308941581452548,1.4499124949500817,0.5621124489120187,-0.24392743209945034,0.5735410700438559,0.6997399892891205,6,9,2024,-0.39127512912578366
h10,10,15,20,0.0,209,2018-01-02,2026-07-30,15.30938671632816,0.3849629293793724,27.21425237549688,11.90486565916872,5.84173666258457,0.25148942237977323,5.927830788780219,0.2533164286308367,9.46765005374359,1.3838080184406043,9.38155592754794,1.5055890253396758,0.6567174624831588,-0.24290317963539632,0.4488615997596281,0.5473006349461094,6,9,2024,-0.40309941645368363
h10,10,15,25,0.0,209,2018-01-02,2026-07-30,16.218878542590648,0.39375811336691857,25.96781020505266,9.748931662462013,5.84173666258457,0.25148942237977323,5.927830788780219,0.2533164286308367,10.377141880006079,1.5167409083070371,10.291047753810428,1.5446928812870342,0.6896007439747815,-0.23017338141232746,0.36771680736473217,0.4480889545244897,7,9,2024,-0.4286478805017153
h10,10,3,3,5.0,209,2018-01-02,2026-07-30,16.366060726014666,0.39514267097851996,52.705184495333704,36.33912376931904,5.84173666258457,0.25148942237977323,5.895767730232512,0.25263837351823226,10.524324063430097,1.538253309424273,10.470292995782154,1.044342727664389,0.4953606616373772,-0.43701155611191334,0.7873129517386821,1.1256565873566844,7,9,2024,-0.5894091266195195
h10,10,3,5,5.0,209,2018-01-02,2026-07-30,13.023579055527817,0.36078023128496683,37.47357182420063,24.449992768672814,5.84173666258457,0.25148942237977323,5.895767730232512,0.25263837351823226,7.1818423929432464,1.0497104386110934,7.127811325295305,0.9543855105998017,0.4196043428799698,-0.4151113669597558,0.7040395997757327,1.006438293018928,7,9,2024,-0.5245294594107437
h10,10,3,10,5.0,209,2018-01-02,2026-07-30,21.407976875978296,0.43725093175496155,49.5439985738049,28.136021697826603,5.84173666258457,0.25148942237977323,5.895767730232512,0.25263837351823226,15.566240213393726,2.275188447184891,15.512209145745784,1.071684009682385,0.5724982854975966,-0.4146321301362277,0.5730831665598478,0.8114545154054064,7,9,2024,-0.42111627329373946
h10,10,5,5,5.0,209,2018-01-02,2026-07-30,22.2907624857554,0.44374405999467603,68.15383238027127,45.86306989451587,5.84173666258457,0.25148942237977323,5.895767730232512,0.25263837351823226,16.44902582317083,2.4042179105088444,16.394994755522887,1.2534893067633703,0.6420971546347782,-0.35632779730275066,0.7590946662903669,1.085257878994604,7,9,2024,-0.511645039795263
h10,10,5,10,5.0,209,2018-01-02,2026-07-30,19.572001961423975,0.42298924237807545,47.95958040646659,28.387578445042617,5.84173666258457,0.25148942237977323,5.895767730232512,0.25263837351823226,13.730265298839406,2.0068391953648486,13.676234231191463,1.2136899741945149,0.6013527775035249,-0.36013079767638023,0.6058663523021376,0.8649885632733554,7,9,2024,-0.5099404427463541
h10,10,5,15,5.0,209,2018-01-02,2026-07-30,15.778903692824588,0.3895559730036764,32.934697245631256,17.155793552806667,5.84173666258457,0.25148942237977323,5.895767730232512,0.25263837351823226,9.937167030240019,1.4524334274049804,9.883135962592076,1.1665712461246167,0.5174611936407646,-0.3434020872532083,0.49302247532505145,0.7028356267991099,7,9,2024,-0.5679550636999883
h10,10,10,10,5.0,209,2018-01-02,2026-07-30,16.243348072111548,0.39398902344742615,43.23980400890692,26.996455936795375,5.84173666258457,0.25148942237977323,5.895767730232512,0.25263837351823226,10.401611409526978,1.5203174168351592,10.347580341879036,1.381002783718466,0.6102615534027036,-0.25311100986074164,0.6576029188393852,0.9399572187564058,6,9,2024,-0.46741824381814934
h10,10,10,15,5.0,209,2018-01-02,2026-07-30,17.4035541820233,0.40461854823224463,38.72166699399475,21.318112811971453,5.84173666258457,0.25148942237977323,5.895767730232512,0.25263837351823226,11.56181751943873,1.6898951376873188,11.507786451790787,1.4087360576559227,0.6524335950747409,-0.26426956195011975,0.5373418452551296,0.7677854527595063,7,9,2024,-0.47915215445382375
h10,10,10,20,5.0,209,2018-01-02,2026-07-30,22.116774890405694,0.44248174066809454,40.96308470617149,18.8463098157658,5.84173666258457,0.25148942237977323,5.895767730232512,0.25263837351823226,16.275038227821124,2.378787584272935,16.22100716017318,1.4880621693824239,0.7876143619041093,-0.2690483813032748,0.41692600842765026,0.5952421199654454,7,9,2024,-0.41191841802910534
h10,10,15,15,5.0,209,2018-01-02,2026-07-30,11.622712658862863,0.3441758592881896,27.697372010827333,16.07465935196447,5.84173666258457,0.25148942237977323,5.895767730232512,0.25263837351823226,5.7809759962782925,0.844957396254775,5.726944928630351,1.389712370635644,0.47622015114010907,-0.2461174947220356,0.5735410700438559,0.8196100729282865,6,9,2024,-0.40934866900983713
h10,10,15,20,5.0,209,2018-01-02,2026-07-30,13.84460184875392,0.3698421495185733,27.21425237549688,13.36965052674296,5.84173666258457,0.25148942237977323,5.895767730232512,0.25263837351823226,8.002865186169348,1.1697125424213777,7.9488341185214075,1.4589550520949923,0.5900292723861286,-0.24842958985981867,0.4488615997596281,0.6411127092958715,6,9,2024,-0.41720178773347283
h10,10,15,25,5.0,209,2018-01-02,2026-07-30,14.941874664519814,0.3812855218200746,25.96781020505266,11.025935540532847,5.84173666258457,0.25148942237977323,5.895767730232512,0.25263837351823226,9.100138001935242,1.3300918247411073,9.046106934287302,1.5059765705881025,0.6350319818050888,-0.23684947965413605,0.36771680736473217,0.5249417672637188,7,9,2024,-0.4401280571485622
h10,10,3,3,10.0,209,2018-01-02,2026-07-30,13.71579405852552,0.3684502061518855,52.705184495333704,38.989390436808186,5.84173666258457,0.25148942237977323,5.863850707403918,0.25196063508697764,7.874057395940949,1.1508857742218925,7.8519433511216015,0.9957630299575563,0.4377255023858634,-0.4543259435783694,0.7873129517386821,1.2902049942700689,7,9,2024,-0.6095957401236721
h10,10,3,5,10.0,209,2018-01-02,2026-07-30,11.09410532370088,0.33748446111019925,37.47357182420063,26.379466500499753,5.84173666258457,0.25148942237977323,5.863850707403918,0.25196063508697764,5.25236866111631,0.7676952388185234,5.230254616296962,0.9125416311626638,0.37016317405061566,-0.43120478375713667,0.7040395997757327,1.1535825693720558,7,9,2024,-0.543136912585344
h10,10,3,10,10.0,209,2018-01-02,2026-07-30,18.8662299438904,0.417206003484188,49.5439985738049,30.6777686299145,5.84173666258457,0.25148942237977323,5.863850707403918,0.25196063508697764,13.02449328130583,1.903682343188232,13.002379236486481,1.0380992799944049,0.5327532621981893,-0.42459974764672037,0.5730831665598478,0.9312288972164143,6,9,2024,-0.43842079013874957
h10,10,5,5,10.0,209,2018-01-02,2026-07-30,18.85503329900026,0.4171128024525881,68.15383238027127,49.29879908127101,5.84173666258457,0.25148942237977323,5.863850707403918,0.25196063508697764,13.013296636415692,1.9020458223102263,12.991182591596344,1.1989413140392593,0.5755332791829469,-0.37629288024281204,0.7590946662903669,1.2439086642492905,7,9,2024,-0.5311489771217859
h10,10,5,10,10.0,209,2018-01-02,2026-07-30,17.113413195755797,0.4020170916203929,47.95958040646659,30.846167210710796,5.84173666258457,0.25148942237977323,5.863850707403918,0.25196063508697764,11.271676533171227,1.6474876320237057,11.249562488351879,1.1697882491698988,0.5468420378374181,-0.36342649583265174,0.6058663523021376,0.991614630904502,7,9,2024,-0.5252418216424852
h10,10,5,15,10.0,209,2018-01-02,2026-07-30,14.12902986384641,0.3728783788850556,32.934697245631256,18.805667381784843,5.84173666258457,0.25148942237977323,5.863850707403918,0.25196063508697764,8.28729320126184,1.2112850303903961,8.265179156442493,1.1299592782537338,0.4719483234405823,-0.34617724897163604,0.49302247532505145,0.8058773241420457,7,9,2024,-0.5799411612612237
h10,10,10,10,10.0,209,2018-01-02,2026-07-30,14.018508709902987,0.37170461972086466,43.23980400890692,29.221295299003934,5.84173666258457,0.25148942237977323,5.863850707403918,0.25196063508697764,8.176772047318416,1.1951310684076395,8.154658002499069,1.320588417564598,0.5298058915977439,-0.2540975205200491,0.6576029188393852,1.0773962287938372,6,9,2024,-0.4860849523723165
h10,10,10,15,10.0,209,2018-01-02,2026-07-30,15.440484985148078,0.3862570292600527,38.72166699399475,23.281182008846674,5.84173666258457,0.25148942237977323,5.863850707403918,0.25196063508697764,9.598748322563509,1.4029695669311883,9.57663427774416,1.3594446076126814,0.5865068971360055,-0.2688129465598712,0.5373418452551296,0.8800898984178285,7,9,2024,-0.4945163759738802
h10,10,10,20,10.0,209,2018-01-02,2026-07-30,20.18111491865094,0.42784120979559725,40.96308470617149,20.781969787520552,5.84173666258457,0.25148942237977323,5.863850707403918,0.25196063508697764,14.339378256066372,2.0958681930107277,14.317264211247023,1.450380234658343,0.7366672241530899,-0.2697941209899041,0.41692600842765026,0.6823796557268242,7,9,2024,-0.425073829145064
h10,10,15,15,10.0,209,2018-01-02,2026-07-30,10.190826655948799,0.32542783413626863,27.697372010827333,17.506545354878533,5.84173666258457,0.25148942237977323,5.863850707403918,0.25196063508697764,4.349089993364228,0.6356704748880664,4.326975948544881,1.3294636682377716,0.39031384675683456,-0.25033296109510816,0.5735410700438559,0.9394801565674523,6,9,2024,-0.4271482236290882
h10,10,15,20,10.0,209,2018-01-02,2026-07-30,12.510746532488298,0.35487912945439826,27.21425237549688,14.703505843008582,5.84173666258457,0.25148942237977323,5.863850707403918,0.25196063508697764,6.669009869903728,0.9747539548510491,6.64689582508438,1.4122860842888405,0.5233252523208577,-0.25574061674499016,0.4488615997596281,0.7349247836456339,6,9,2024,-0.4311358564595471
h10,10,15,25,10.0,209,2018-01-02,2026-07-30,13.759099055417865,0.3689193723062463,25.96781020505266,12.208711149634796,5.84173666258457,0.25148942237977323,5.863850707403918,0.25196063508697764,7.917362392833295,1.1572153070624602,7.895248348013947,1.4672419793668374,0.5804751975270914,-0.24347088918235715,0.36771680736473217,0.6017945800029478,7,9,2024,-0.4514943212110283
h10,10,3,3,20.0,209,2018-01-02,2026-07-30,9.562361822006649,0.31652129671929186,52.705184495333704,43.14282267332705,5.84173666258457,0.25148942237977323,5.80045214858375,0.25060610765069824,3.7206251594220783,0.5438129736517154,3.761909673422899,0.8982955239198642,0.32208624176269424,-0.48741233395027717,0.7873129517386821,1.619301808096838,6,9,2024,-0.6487399033112342
h10,10,3,5,20.0,209,2018-01-02,2026-07-30,7.991798462472554,0.2920280558955948,37.47357182420063,29.48177336172808,5.84173666258457,0.25148942237977323,5.80045214858375,0.25060610765069824,2.1500617998879834,0.31425673128374476,2.191346313888804,0.828690810145674,0.2711055062297883,-0.4621104687490003,0.7040395997757327,1.447871122078312,7,9,2024,-0.5793765989214961
h10,10,3,10,20.0,209,2018-01-02,2026-07-30,14.610963347588063,0.3779097080049094,49.5439985738049,34.93303522621684,5.84173666258457,0.25148942237977323,5.80045214858375,0.25060610765069824,8.769226685003492,1.2817252574130475,8.810511199004313,0.9708575947636041,0.45321660985752504,-0.4440508848351534,0.5730831665598478,1.1707776608384308,5,9,2024,-0.47226560614799507
h10,10,5,5,20.0,209,2018-01-02,2026-07-30,13.423640313623196,0.3652527604667579,68.15383238027127,54.73019206664807,5.84173666258457,0.25148942237977323,5.80045214858375,0.25060610765069824,7.581903651038625,1.1081840802937957,7.623188165039446,1.089594601959946,0.4421559897892521,-0.4144281769970193,0.7590946662903669,1.561210234758664,7,9,2024,-0.5690955884374345
h10,10,5,10,20.0,209,2018-01-02,2026-07-30,13.038839040647595,0.36095288731727293,47.95958040646659,34.920741365819,5.84173666258457,0.25148942237977323,5.80045214858375,0.25060610765069824,7.1971023780630246,1.0519408642869643,7.238386892063845,1.0818594657409177,0.4377719401389282,-0.36997521998499794,0.6058663523021376,1.2448667661667954,6,9,2024,-0.5551933285153748
h10,10,5,15,20.0,209,2018-01-02,2026-07-30,11.29767209879936,0.3400913488351347,32.934697245631256,21.637025146831895,5.84173666258457,0.25148942237977323,5.80045214858375,0.25060610765069824,5.45593543621479,0.7974489088496615,5.4972199502156105,1.0566107489370813,0.3808725153169805,-0.35169873624510006,0.49302247532505145,1.0119607188279172,7,9,2024,-0.6034911177783309
h10,10,10,10,20.0,209,2018-01-02,2026-07-30,10.389678880075927,0.32815397004927327,43.23980400890692,32.850125128830996,5.84173666258457,0.25148942237977323,5.80045214858375,0.25060610765069824,4.547942217491356,0.6647350580390947,4.589226731492177,1.1996119261256966,0.3688367760128989,-0.2859862503846309,0.6576029188393852,1.3522742488687003,6,9,2024,-0.5224845236800115
h10,10,10,15,20.0,209,2018-01-02,2026-07-30,12.117544032104348,0.35021903939742405,38.72166699399475,26.604122961890404,5.84173666258457,0.25148942237977323,5.80045214858375,0.25060610765069824,6.275807369519778,0.9172828009941258,6.3170918835205985,1.2607524542830757,0.45459009359032493,-0.2778244788842916,0.5373418452551296,1.1046987897344729,7,9,2024,-0.5246050749636819
h10,10,10,20,20.0,209,2018-01-02,2026-07-30,16.78019109384995,0.39898355388221707,40.96308470617149,24.182893612321543,5.84173666258457,0.25148942237977323,5.80045214858375,0.25060610765069824,10.93845443126538,1.5987833163887388,10.9797389452662,1.3749602528573466,0.6348091796312044,-0.27128450556851447,0.41692600842765026,0.8566547272495821,7,9,2024,-0.4509438163429711
h10,10,15,15,20.0,209,2018-01-02,2026-07-30,7.793988757605057,0.28867964966023973,27.697372010827333,19.903383253222277,5.84173666258457,0.25148942237977323,5.80045214858375,0.25060610765069824,1.9522520950204862,0.2853445245410824,1.993536609021307,1.2088258925633641,0.21847535423218167,-0.2727087849665877,0.5735410700438559,1.1792203238457841,6,9,2024,-0.46194124090309563
h10,10,15,20,20.0,209,2018-01-02,2026-07-30,10.190267169969948,0.32542010377354735,27.21425237549688,17.023985205526934,5.84173666258457,0.25148942237977323,5.80045214858375,0.25060610765069824,4.3485305073853775,0.63558869945495,4.389815021386198,1.3188476576028056,0.3898831154050069,-0.27016153171260837,0.4488615997596281,0.9225489323451584,6,9,2024,-0.45850675186662615
h10,10,15,25,20.0,209,2018-01-02,2026-07-30,11.64906713918809,0.3445029474787984,25.96781020505266,14.318743065864572,5.84173666258457,0.25148942237977323,5.80045214858375,0.25060610765069824,5.807330476603519,0.8488094124350163,5.848614990604339,1.3897218024432858,0.4714082313901532,-0.25655132691947957,0.36771680736473217,0.7555002054814057,7,9,2024,-0.47388942010553947
h20,20,3,3,0.0,104,2018-01-02,2026-07-02,18.50471797703686,0.41860218365547985,31.03210859237818,12.527390615341318,5.388176246555004,0.24394117026284756,5.650745491549001,0.2498530984359888,13.116541730481858,2.053252951115008,12.85397248548786,1.053692326206609,0.5496292763381861,-0.366502998038417,0.8157819439350245,0.49482173469006885,5,9,2024,-0.49169602293022674
h20,20,3,5,0.0,104,2018-01-02,2026-07-02,14.628834382866762,0.3820874064662514,23.233421409854007,8.604587026987245,5.388176246555004,0.24394117026284756,5.650745491549001,0.2498530984359888,9.240658136311758,1.4465252334412395,8.97808889131776,0.9679394360118513,0.4729672722306239,-0.44612762074658074,0.7225222381345666,0.43758252968107036,5,9,2024,-0.49169602293022674
h20,20,3,10,0.0,104,2018-01-02,2026-07-02,24.04547474360979,0.46097424676258303,34.569268966057784,10.523794222447993,5.388176246555004,0.24394117026284756,5.650745491549001,0.2498530984359888,18.65729849705479,2.9205985835341095,18.39472925206079,1.126437894827406,0.6358130280480884,-0.3429267238899184,0.5811448468620235,0.35006852483085504,5,9,2024,-0.37398040808989963
h20,20,5,5,0.0,104,2018-01-02,2026-07-02,16.646237182168264,0.40197981485568146,26.958641309085984,10.31240412691772,5.388176246555004,0.24394117026284756,5.650745491549001,0.2498530984359888,11.25806093561326,1.762327854007546,10.995491690619263,1.1443983696645037,0.5625145687381804,-0.35414413076788454,0.757107448531367,0.45912417168648373,7,9,2024,-0.5391129837134712
h20,20,5,10,0.0,104,2018-01-02,2026-07-02,20.795426286362254,0.4372661789644614,30.414259986712107,9.618833700349853,5.388176246555004,0.24394117026284756,5.650745491549001,0.2498530984359888,15.40725003980725,2.411838597614777,15.144680794813253,1.1397375410016957,0.644884580664729,-0.35374892818319825,0.6026067382408651,0.3648259395457424,6,9,2024,-0.40713253048387177
h20,20,5,15,0.0,104,2018-01-02,2026-07-02,18.855760520492,0.421583897643532,25.775150092105186,6.919389571613184,5.388176246555004,0.24394117026284756,5.650745491549001,0.2498530984359888,13.467584273936998,2.108204870083188,13.205015028943,1.1202216372697154,0.5941678704668257,-0.3530151170115915,0.49500263789931975,0.2984596048979461,6,9,2024,-0.5003894105336388
h20,20,10,10,0.0,104,2018-01-02,2026-07-02,18.17195406223646,0.415731686303042,27.49804089627561,9.326086834039153,5.388176246555004,0.24394117026284756,5.650745491549001,0.2498530984359888,12.783777815681455,2.0011623540561287,12.521208570687458,1.3690000250959795,0.7926168742678603,-0.23966822770009355,0.6526724017786933,0.3955858892421571,8,9,2024,-0.3959058947391092
h20,20,10,15,0.0,104,2018-01-02,2026-07-02,22.450011690543842,0.44969858961995346,31.38226639403382,8.932254703489978,5.388176246555004,0.24394117026284756,5.650745491549001,0.2498530984359888,17.06183544398884,2.670846073351513,16.799266198994843,1.4011994112616426,0.8650999960067824,-0.24200473149907764,0.5320405524473482,0.32219347210896665,8,9,2024,-0.45404487302868346
h20,20,10,20,0.0,104,2018-01-02,2026-07-02,20.099776153880015,0.4317888726196215,26.248315129878804,6.14853897599879,5.388176246555004,0.24394117026284756,5.650745491549001,0.2498530984359888,14.711599907325011,2.3029420822975317,14.449030662331014,1.348015258996194,0.7979106924169529,-0.26622648903653134,0.42219483581603673,0.25536333811047673,8,9,2024,-0.5077243413919459
h20,20,15,15,0.0,104,2018-01-02,2026-07-02,13.361193003999034,0.36839461290802533,19.282378599726634,5.9211855957276,5.388176246555004,0.24394117026284756,5.650745491549001,0.2498530984359888,7.9730167574440305,1.2480896659267495,7.710447512450033,1.3732285118513736,0.6611487134539575,-0.24704414529183205,0.5689048552567677,0.34462171393821756,7,9,2024,-0.3770305922157191
h20,20,15,20,0.0,104,2018-01-02,2026-07-02,14.175944581909334,0.37731180267953834,18.9529484216875,4.777003839778164,5.388176246555004,0.24394117026284756,5.650745491549001,0.2498530984359888,8.78776833535433,1.3756302262470252,8.525199090360333,1.4082070214607616,0.7010332753693294,-0.21461335179513485,0.451633188361488,0.27327363179912934,7,9,2024,-0.36398155385869924
h20,20,15,25,0.0,104,2018-01-02,2026-07-02,16.96913610378144,0.4049754213587202,21.341647380349148,4.372511276567707,5.388176246555004,0.24394117026284756,5.650745491549001,0.2498530984359888,11.580959857226437,1.812874192923494,11.31839061223244,1.4458314937823964,0.8074094773918866,-0.21775305720772453,0.3600244147583149,0.21753885393895878,7,9,2024,-0.33271156651767986
h20,20,3,3,5.0,104,2018-01-02,2026-07-02,16.909758162694747,0.4044281420193623,31.03210859237818,14.122350429683433,5.388176246555004,0.24394117026284756,5.627392694202374,0.24933571837701884,11.521581916139743,1.8035792175197214,11.282365468492372,1.0291665387295812,0.5193129403858416,-0.3686979542891866,0.8157819439350245,0.5796630568593115,5,9,2024,-0.5031470697045797
h20,20,3,5,5.0,104,2018-01-02,2026-07-02,13.491911897973916,0.3698548729580933,23.233421409854007,9.741509511880091,5.388176246555004,0.24394117026284756,5.627392694202374,0.24933571837701884,8.103735651418912,1.2685522970329863,7.8645192037715415,0.9473233579009895,0.44760261646258886,-0.44753285446039903,0.7225222381345666,0.5127248424470654,5,9,2024,-0.5031470697045797
h20,20,3,10,5.0,104,2018-01-02,2026-07-02,22.570254782797374,0.4505716070059398,34.569268966057784,11.99901418326041,5.388176246555004,0.24394117026284756,5.627392694202374,0.24933571837701884,17.182078536242372,2.689668830835447,16.942862088595,1.1089689015505695,0.614537027332885,-0.3446067735540237,0.5811448468620235,0.41050758890450556,5,9,2024,-0.3840467708652393
h20,20,5,5,5.0,104,2018-01-02,2026-07-02,15.303527082390932,0.3889801843841514,26.958641309085984,11.655114226695051,5.388176246555004,0.24394117026284756,5.627392694202374,0.24933571837701884,9.915350835835929,1.5521410889662053,9.676134388188558,1.1180607062077272,0.5282875999628914,-0.3560744451143919,0.757107448531367,0.5378633463337459,7,9,2024,-0.550449255138596
h20,20,5,10,5.0,104,2018-01-02,2026-07-02,19.465795505144044,0.426656551604891,30.414259986712107,10.948464481568063,5.388176246555004,0.24394117026284756,5.627392694202374,0.24933571837701884,14.07761925858904,2.20369925863908,13.83840281094167,1.1200060403007355,0.6189545818614413,-0.3555354354674487,0.6026067382408651,0.42749704032279234,6,9,2024,-0.4177145082915037
h20,20,5,15,5.0,104,2018-01-02,2026-07-02,17.855786659235125,0.4129633362086145,25.775150092105186,7.91936343287006,5.388176246555004,0.24394117026284756,5.627392694202374,0.24933571837701884,12.467610412680122,1.9516697616794176,12.228393965032751,1.1040421914429641,0.5733650610099896,-0.35467786688617287,0.49500263789931975,0.34993987923947545,6,9,2024,-0.508481156958416
h20,20,10,10,5.0,104,2018-01-02,2026-07-02,16.90844375994252,0.4044160092268223,27.49804089627561,10.58959713633309,5.388176246555004,0.24394117026284756,5.627392694202374,0.24933571837701884,11.520267513387518,1.8033734619642239,11.281051065740147,1.3406492350389656,0.7479953141654798,-0.242053642388374,0.6526724017786933,0.4634638190271412,7,9,2024,-0.4066801765025554
h20,20,10,15,5.0,104,2018-01-02,2026-07-02,21.183199120477248,0.4402527542564676,31.38226639403382,10.199067273556572,5.388176246555004,0.24394117026284756,5.627392694202374,0.24933571837701884,15.795022873922244,2.4725402469038227,15.555806426274874,1.37939881197389,0.8318384423948922,-0.24454440990027126,0.5320405524473482,0.37752568956349086,8,9,2024,-0.46231403790013004
h20,20,10,20,5.0,104,2018-01-02,2026-07-02,19.190611725885415,0.424385053507792,26.248315129878804,7.05770340399339,5.388176246555004,0.24394117026284756,5.627392694202374,0.24933571837701884,13.802435479330411,2.1606222099419607,13.56321903168304,1.330902408958981,0.7719888903801686,-0.2697581943773125,0.42219483581603673,0.29927160103534456,8,9,2024,-0.514385210390294
h20,20,15,15,5.0,104,2018-01-02,2026-07-02,12.533115187279266,0.35886191452350324,19.282378599726634,6.749263412447368,5.388176246555004,0.24394117026284756,5.627392694202374,0.24933571837701884,7.144938940724263,1.1184630268423423,6.905722493076892,1.3457443989079372,0.61548766595837,-0.25053338239431744,0.5689048552567677,0.40378781888492143,7,9,2024,-0.3856881945094046
h20,20,15,20,5.0,104,2018-01-02,2026-07-02,13.477499926806335,0.36969444822887954,18.9529484216875,5.475448494881164,5.388176246555004,0.24394117026284756,5.627392694202374,0.24933571837701884,8.089323680251331,1.2662962585939481,7.8501072326039605,1.386242054387972,0.6649485254954228,-0.2179639731654628,0.451633188361488,0.3202434833887241,7,9,2024,-0.3710309625241166
h20,20,15,25,5.0,104,2018-01-02,2026-07-02,16.30709884646946,0.3987810216390606,21.341647380349148,5.034548533879686,5.388176246555004,0.24394117026284756,5.627392694202374,0.24933571837701884,10.918922599914458,1.7092394101998645,10.679706152267087,1.4288651206260272,0.7798699119660624,-0.22049256737891454,0.3600244147583149,0.25498139307382356,7,9,2024,-0.3386707352193088
h20,20,3,3,10.0,104,2018-01-02,2026-07-02,15.443997484867491,0.390383524074182,31.03210859237818,15.588111107510688,5.388176246555004,0.24394117026284756,5.604119582085564,0.24881850099270486,10.055821238312488,1.5741302134134703,9.839877902781929,1.004602127496072,0.4889672990382333,-0.37088693341670653,0.8157819439350245,0.6645043790285539,5,9,2024,-0.5144854407932933
h20,20,3,5,10.0,104,2018-01-02,2026-07-02,12.436874302346045,0.35772084518001246,23.233421409854007,10.796547107507962,5.388176246555004,0.24394117026284756,5.604119582085564,0.24881850099270486,7.048698055791041,1.1033975556939652,6.832754720260481,0.9266665176836372,0.42220143853401754,-0.44893529129668863,0.7225222381345666,0.5878671552130601,5,9,2024,-0.5144854407932933
h20,20,3,10,10.0,104,2018-01-02,2026-07-02,21.18098016654076,0.440235795639248,34.569268966057784,13.388288799517024,5.388176246555004,0.24394117026284756,5.604119582085564,0.24881850099270486,15.792803919985756,2.4721928936294537,15.576860584455197,1.0914808697980516,0.5932445213684171,-0.3462836244450489,0.5811448468620235,0.47094665297815597,5,9,2024,-0.3940352809938561
h20,20,5,5,10.0,104,2018-01-02,2026-07-02,14.062023331800352,0.37609075583074936,26.958641309085984,12.896617977285631,5.388176246555004,0.24394117026284756,5.604119582085564,0.24881850099270486,8.673847085245349,1.3577970848758212,8.457903749714788,1.0916689244772184,0.49400684747037016,-0.35800020836986746,0.757107448531367,0.616602520981008,5,9,2024,-0.5616694349498031
h20,20,5,10,10.0,104,2018-01-02,2026-07-02,18.21644253725816,0.41611798779243525,30.414259986712107,12.197817449453947,5.388176246555004,0.24394117026284756,5.604119582085564,0.24881850099270486,12.828266290703157,2.0081265443515504,12.612322955172598,1.100261784639363,0.5930180352213912,-0.35731811405980907,0.6026067382408651,0.49016814109984225,6,9,2024,-0.42820735311874114
h20,20,5,15,10.0,104,2018-01-02,2026-07-02,16.90562095327779,0.4043899502290986,25.775150092105186,8.869529138827396,5.388176246555004,0.24394117026284756,5.604119582085564,0.24881850099270486,11.517444706722786,1.8029315820667722,11.301501371192227,1.087846751014518,0.552551696231365,-0.3563372759786816,0.49500263789931975,0.40142015358100464,6,9,2024,-0.5165163375696114
h20,20,10,10,10.0,104,2018-01-02,2026-07-02,15.727412137182178,0.3931830136167085,27.49804089627561,11.770628759093434,5.388176246555004,0.24394117026284756,5.604119582085564,0.24881850099270486,10.339235890627174,1.6184957163952522,10.123292555096615,1.3122739570562338,0.7033536575412972,-0.24443316319343,0.6526724017786933,0.5313417488121253,7,9,2024,-0.4173626977019975
h20,20,10,15,10.0,104,2018-01-02,2026-07-02,19.98414379251307,0.4308630212454996,31.38226639403382,11.39812260152075,5.388176246555004,0.24394117026284756,5.604119582085564,0.24881850099270486,14.595967545958066,2.284841084938653,14.380024210427507,1.357569678893138,0.7985440111405423,-0.2490234149533075,0.5320405524473482,0.432857907018015,8,9,2024,-0.47052638993093643
h20,20,10,20,10.0,104,2018-01-02,2026-07-02,18.320203029587407,0.4170159016996706,26.248315129878804,7.928112100291397,5.388176246555004,0.24394117026284756,5.604119582085564,0.24881850099270486,12.932026783032404,2.0243691288270806,12.716083447501845,1.3137695493569492,0.7460334094307352,-0.2732747805838335,0.42219483581603673,0.3431798639602124,8,9,2024,-0.5210074565415304
h20,20,15,15,10.0,104,2018-01-02,2026-07-02,11.752331829148186,0.3493899798573483,19.282378599726634,7.530046770578448,5.388176246555004,0.24394117026284756,5.604119582085564,0.24881850099270486,6.364155582593183,0.9962398244765438,6.148212247062623,1.318226512673671,0.5698015345992725,-0.25400891684668625,0.5689048552567677,0.46295392383162526,7,9,2024,-0.3942873551645121
h20,20,15,20,10.0,104,2018-01-02,2026-07-02,12.810879447634365,0.3621155022610085,18.9529484216875,6.142068974053133,5.388176246555004,0.24394117026284756,5.604119582085564,0.24881850099270486,7.422703201079361,1.1619440219862835,7.206759865548801,1.364253528929328,0.628834232094798,-0.221302036636845,0.451633188361488,0.3672133349783188,7,9,2024,-0.37804222811308574
h20,20,15,25,10.0,104,2018-01-02,2026-07-02,15.669197357435731,0.39261141807991073,21.341647380349148,5.6724500229134165,5.388176246555004,0.24394117026284756,5.604119582085564,0.24881850099270486,10.281021110880728,1.6093828213373178,10.065077775350169,1.4118848319366606,0.7523146608694432,-0.22339686997060726,0.3600244147583149,0.29242393220868834,7,9,2024,-0.34460336709810435
h20,20,3,3,20.0,104,2018-01-02,2026-07-02,12.859431825716182,0.3626782826952901,31.03210859237818,18.172676766661997,5.388176246555004,0.24394117026284756,5.557811353386064,0.24778455399694344,7.471255579161179,1.1695443724161891,7.301620472330119,0.9553580674150002,0.42818992970012265,-0.37676320394598717,0.8157819439350245,0.834187023367039,5,9,2024,-0.536828185509109
h20,20,3,5,20.0,104,2018-01-02,2026-07-02,10.549511847751596,0.33374544886768387,23.233421409854007,12.68390956210241,5.388176246555004,0.24394117026284756,5.557811353386064,0.24778455399694344,5.161335601196592,0.8079513466742534,4.991700494365532,0.8852310917727331,0.371291208055851,-0.45173179071164027,0.7225222381345666,0.7381517807450501,5,9,2024,-0.536828185509109
h20,20,3,10,20.0,104,2018-01-02,2026-07-02,18.640741186017454,0.41976312449078534,34.569268966057784,15.92852778004033,5.388176246555004,0.24394117026284756,5.557811353386064,0.24778455399694344,13.25256493946245,2.074545915449539,13.08292983263139,1.0564486888400693,0.5506118975316188,-0.34962774612608205,0.5811448468620235,0.5918247811254569,5,9,2024,-0.413780914677772
h20,20,5,5,20.0,104,2018-01-02,2026-07-02,11.852969943556204,0.3506391215150251,26.958641309085984,15.10567136552978,5.388176246555004,0.24394117026284756,5.557811353386064,0.24778455399694344,6.4647936970012,1.0119936344097447,6.29515859017014,1.0387234239184095,0.4252861016208079,-0.36183811335054505,0.757107448531367,0.7740808702755324,5,9,2024,-0.5837658620921894
h20,20,5,10,20.0,104,2018-01-02,2026-07-02,15.939668035720974,0.39525234011303656,30.414259986712107,14.474591950991133,5.388176246555004,0.24394117026284756,5.557811353386064,0.24778455399694344,10.55149178916597,1.6517220849778758,10.38185668233491,1.0607360294554675,0.5411276716171579,-0.3608720088473073,0.6026067382408651,0.6155103426539421,6,9,2024,-0.448928373511843
h20,20,5,15,20.0,104,2018-01-02,2026-07-02,15.14501972921649,0.3873837818196386,25.775150092105186,10.630130362888696,5.388176246555004,0.24394117026284756,5.557811353386064,0.24778455399694344,9.756843482661486,1.5273284746836984,9.587208375830425,1.0554086861354153,0.5108951218635697,-0.3596460913544465,0.49500263789931975,0.5043807022640631,6,9,2024,-0.532418436625566
h20,20,10,10,20.0,104,2018-01-02,2026-07-02,13.591797170976513,0.370962878571504,27.49804089627561,13.906243725299099,5.388176246555004,0.24394117026284756,5.557811353386064,0.24778455399694344,8.203620924421509,1.2841882577747494,8.033985817590448,1.255451119622386,0.6140150814014775,-0.25125830789576376,0.6526724017786933,0.6670976083820935,7,9,2024,-0.4384553076170836
h20,20,10,15,20.0,104,2018-01-02,2026-07-02,17.775141624926448,0.4122506585363068,31.38226639403382,13.607124769107372,5.388176246555004,0.24394117026284756,5.557811353386064,0.24778455399694344,12.386965378371444,1.9390456525133364,12.217330271540384,1.3138265483553861,0.7318597536660995,-0.25791065428731685,0.5320405524473482,0.5435223419270634,8,9,2024,-0.4867820772957556
h20,20,10,20,20.0,104,2018-01-02,2026-07-02,16.68918403983689,0.4023810173947626,26.248315129878804,9.559131090041916,5.388176246555004,0.24394117026284756,5.557811353386064,0.24778455399694344,11.301007793281885,1.7690507207555926,11.131372686450824,1.2794445100545322,0.6940240210563611,-0.2802628228239741,0.42219483581603673,0.43099638980994803,7,9,2024,-0.5341368933900268
h20,20,15,15,20.0,104,2018-01-02,2026-07-02,10.322097301715786,0.33062699720798716,19.282378599726634,8.960281298010848,5.388176246555004,0.24394117026284756,5.557811353386064,0.24778455399694344,4.933921055160782,0.7723520555372172,4.764285948329722,1.2630901472099099,0.4783585811608557,-0.2609190548919291,0.5689048552567677,0.581286133725033,7,9,2024,-0.4113117940515112
h20,20,15,20,20.0,104,2018-01-02,2026-07-02,11.567433286857046,0.34707213587362284,18.9529484216875,7.385515134830452,5.388176246555004,0.24394117026284756,5.557811353386064,0.24778455399694344,6.179257040302042,0.9672959545589201,6.009621933470982,1.3202065844919162,0.556520973264221,-0.22794065260466823,0.451633188361488,0.46115303815750835,7,9,2024,-0.39195108148116553
h20,20,15,25,20.0,104,2018-01-02,2026-07-02,14.462350333999012,0.3803462421577035,21.341647380349148,6.8792970463501355,5.388176246555004,0.24394117026284756,5.557811353386064,0.24778455399694344,9.074174087444009,1.4204639535951284,8.904538980612948,1.377883081290964,0.6971597257295666,-0.22917693563550257,0.3600244147583149,0.3673090104784178,7,9,2024,-0.3563894503409484
h10_75_h20_25,10,3,3,0.0,208,2018-01-02,2026-07-16,16.530140572949033,0.39877141660761106,44.47175825411717,27.941617681168136,5.388176246555,0.24272217646235528,5.479567142054408,0.24479244560095692,11.141964326394033,1.7441541836612044,11.050573430894627,1.0455366356350762,0.5111119396423651,-0.46718030477176153,0.7825967915004052,0.9507637758976931,7,9,2024,-0.604382456770737
h10_75_h20_25,10,3,5,0.0,208,2018-01-02,2026-07-16,10.728912366715655,0.33442939948578965,26.460526293603685,15.73161392688803,5.388176246555,0.24272217646235528,5.479567142054408,0.24479244560095692,5.3407361201606545,0.836034560417896,5.249345224661247,0.8945170422870538,0.3781585280250302,-0.46718030477176165,0.6991028076345862,0.8486682963297646,7,9,2024,-0.5509477405657558
h10_75_h20_25,10,3,10,0.0,208,2018-01-02,2026-07-16,14.147192106913685,0.3750272236293535,28.71286686503317,14.565674758119485,5.388176246555,0.24272217646235528,5.479567142054408,0.24479244560095692,8.759015860358685,1.3711293368091129,8.667624964859279,0.9751781680680888,0.46752326467830113,-0.45982191365605596,0.5574964623147292,0.6723616953445626,7,9,2024,-0.40902878631502415
h10_75_h20_25,10,5,5,0.0,208,2018-01-02,2026-07-16,15.401735425072722,0.38790827018184126,39.47019353741532,24.068458112342597,5.388176246555,0.24272217646235528,5.479567142054408,0.24479244560095692,10.013559178517722,1.567514544376857,9.922168283018316,1.1388780825441351,0.5248915160417265,-0.36868277826278895,0.7417593877675214,0.90107282303552,7,9,2024,-0.6402536111841334
h10_75_h20_25,10,5,10,0.0,208,2018-01-02,2026-07-16,27.331827950908483,0.4797130677039596,56.20325837133967,28.87143042043119,5.388176246555,0.24272217646235528,5.479567142054408,0.24479244560095692,21.943651704353485,3.4350416859877972,21.852260808854076,1.2820236771681521,0.7306043981999166,-0.35287360453955985,0.5784995079357653,0.7012182012562391,7,9,2024,-0.5882626284738095
h10_75_h20_25,10,5,15,0.0,208,2018-01-02,2026-07-16,12.18075064570832,0.35280302129809815,22.53500906572974,10.354258420021418,5.388176246555,0.24272217646235528,5.479567142054408,0.24479244560095692,6.79257439915332,1.063304163346527,6.701183503653913,1.0291843416568398,0.4335076940857053,-0.34412685384912034,0.4785480673211803,0.5786972883164123,7,9,2024,-0.5540553531389123
h10_75_h20_25,10,10,10,0.0,208,2018-01-02,2026-07-16,17.2957703121197,0.405795765007521,38.6877546232772,21.3919843111575,5.388176246555,0.24272217646235528,5.479567142054408,0.24479244560095692,11.9075940655647,1.864005250635688,11.816203170065293,1.4317795441249328,0.7004807626101867,-0.2524343200227349,0.6363740830990863,0.7728399843149683,7,9,2024,-0.4583477971160561
h10_75_h20_25,10,10,15,0.0,208,2018-01-02,2026-07-16,17.74978937949212,0.4098395607076173,34.17323396563523,16.423444586143106,5.388176246555,0.24272217646235528,5.479567142054408,0.24479244560095692,12.361613132937121,1.9350770322912525,12.270222237437714,1.4438241059513035,0.7090732617864481,-0.25183549727727883,0.5173649428738363,0.6280296624888838,7,9,2024,-0.4310796059937474
h10_75_h20_25,10,10,20,0.0,208,2018-01-02,2026-07-16,22.12125744091988,0.44489016642263324,36.71839453500508,14.597137094085202,5.388176246555,0.24272217646235528,5.479567142054408,0.24479244560095692,16.73308119436488,2.6193831460721917,16.641690298865473,1.5121927191538471,0.8245010446289336,-0.23788033489079685,0.40286454738203514,0.4887055812544603,7,9,2024,-0.4524603706851966
h10_75_h20_25,10,15,15,0.0,208,2018-01-02,2026-07-16,11.4399548909594,0.34366451060459946,23.499015785951,12.059060894991598,5.388176246555,0.24272217646235528,5.479567142054408,0.24479244560095692,6.051778644404401,0.9473405884297554,5.960387748904993,1.4038138601944943,0.5227945627056817,-0.24905367073033713,0.5572419569044815,0.6765520131613733,6,9,2024,-0.358399230764755
h10_75_h20_25,10,15,20,0.0,208,2018-01-02,2026-07-16,14.580339633856372,0.37957762039264686,25.6756877791566,11.095348145300228,5.388176246555,0.24272217646235528,5.479567142054408,0.24479244560095692,9.192163387301372,1.4389339042200815,9.100772491801965,1.5132212089318147,0.6863198473216937,-0.23739178721538223,0.4425343793400992,0.5369758327810329,6,9,2024,-0.39002784368800336
h10_75_h20_25,10,15,25,0.0,208,2018-01-02,2026-07-16,14.185392704810658,0.37543312430744424,22.11963623815177,7.934243533341112,5.388176246555,0.24272217646235528,5.479567142054408,0.24479244560095692,8.797216458255658,1.3771092278488402,8.70582556275625,1.4829332506734572,0.6614790862074369,-0.23104918364241778,0.3462846736740332,0.4198591909265636,7,9,2024,-0.4219863544245184
h10_75_h20_25,10,3,3,5.0,208,2018-01-02,2026-07-16,13.883396686892416,0.3721993348810384,44.47175825411717,30.58836156722475,5.388176246555,0.24272217646235528,5.449788007770647,0.24412070882444392,8.495220440337416,1.3298350127579366,8.433608679121768,0.9973933098651868,0.455045097303714,-0.470075038408017,0.7825967915004052,1.1135439085297774,7,9,2024,-0.6227629397563131
h10_75_h20_25,10,3,5,5.0,208,2018-01-02,2026-07-16,9.133939779631072,0.3117681564865382,26.460526293603685,17.326586513972615,5.388176246555,0.24272217646235528,5.449788007770647,0.24412070882444392,3.7457635330760723,0.5863588273877194,3.6841517718604253,0.853808751931635,0.3306641696760373,-0.4700750384080171,0.6991028076345862,0.9940816803177586,6,9,2024,-0.5690781967994167
h10_75_h20_25,10,3,10,5.0,208,2018-01-02,2026-07-16,12.481696089525723,0.3563864499706775,28.71286686503317,16.231170775507447,5.388176246555,0.24272217646235528,5.449788007770647,0.24412070882444392,7.093519842970723,1.1104139224079952,7.031908081755076,0.9421721698697608,0.42858079244528857,-0.46295835317668244,0.5574964623147292,0.7883209595060263,7,9,2024,-0.4240283511683631
h10_75_h20_25,10,5,5,5.0,208,2018-01-02,2026-07-16,13.045719105047883,0.36291628675925836,39.47019353741532,26.424474432367436,5.388176246555,0.24272217646235528,5.449788007770647,0.24412070882444392,7.657542858492883,1.1987056341193503,7.595931097277236,1.0855149821861017,0.4601802905540272,-0.38752451001280364,0.7417593877675214,1.0553587756911647,7,9,2024,-0.6569571800219629
h10_75_h20_25,10,5,10,5.0,208,2018-01-02,2026-07-16,24.10668855363078,0.4589059619497433,56.20325837133967,32.0965698177089,5.388176246555,0.24272217646235528,5.449788007770647,0.24412070882444392,18.718512307075777,2.930180944392424,18.656900545860132,1.242188145532631,0.6825710520210507,-0.3601044525374607,0.5784995079357653,0.8215460989068786,7,9,2024,-0.601666263961792
h10_75_h20_25,10,5,15,5.0,208,2018-01-02,2026-07-16,10.927352818004591,0.3370554326604014,22.53500906572974,11.607656247725147,5.388176246555,0.24272217646235528,5.449788007770647,0.24412070882444392,5.539176571449591,0.8670982699384264,5.477564810233944,0.9964151179832639,0.39328364436460544,-0.346745364664944,0.4785480673211803,0.6782352863192178,7,9,2024,-0.5656476375551143
h10_75_h20_25,10,10,10,5.0,208,2018-01-02,2026-07-16,15.018331810110514,0.38406673341806274,38.6877546232772,23.669422813166687,5.388176246555,0.24272217646235528,5.449788007770647,0.24412070882444392,9.630155563555514,1.5074968491592324,9.568543802339867,1.3724594359268254,0.6209344039527723,-0.26877158755516906,0.6363740830990863,0.9052057935995783,6,9,2024,-0.4763149543825298
h10_75_h20_25,10,10,15,5.0,208,2018-01-02,2026-07-16,15.830138789850686,0.3921080113837452,34.17323396563523,18.34309517578454,5.388176246555,0.24272217646235528,5.449788007770647,0.24412070882444392,10.441962543295686,1.6345764644372176,10.38035078208004,1.3957830735068797,0.6449278684030828,-0.2524522927479663,0.5173649428738363,0.7356415706066419,7,9,2024,-0.4471424061279905
h10_75_h20_25,10,10,20,5.0,208,2018-01-02,2026-07-16,20.257287625010512,0.43072888157080835,36.71839453500508,16.46110690999457,5.388176246555,0.24272217646235528,5.449788007770647,0.24412070882444392,14.869111378455512,2.327598802001446,14.807499617239866,1.4754388803899463,0.7753733750875286,-0.24021315206670113,0.40286454738203514,0.5725014071099237,7,9,2024,-0.46492660915519624
h10_75_h20_25,10,15,15,5.0,208,2018-01-02,2026-07-16,10.07369816594544,0.32547089659384976,23.499015785951,13.425317620005558,5.388176246555,0.24272217646235528,5.449788007770647,0.24412070882444392,4.685521919390441,0.733467853507836,4.623910158174794,1.3447708864584127,0.4380452107468995,-0.25098365796791433,0.5572419569044815,0.7924583401975054,6,9,2024,-0.3765466431277613
h10_75_h20_25,10,15,20,5.0,208,2018-01-02,2026-07-16,13.206182494196332,0.3647316963510847,25.6756877791566,12.469505284960269,5.388176246555,0.24272217646235528,5.449788007770647,0.24412070882444392,7.818006247641332,1.2238244447086766,7.756394486425685,1.4665025858134964,0.619166392549764,-0.23806798215424008,0.4425343793400992,0.6290229836837735,6,9,2024,-0.4040979819594648
h10_75_h20_25,10,15,25,5.0,208,2018-01-02,2026-07-16,13.12751848851139,0.3638440023581555,22.11963623815177,8.99211774964038,5.388176246555,0.24272217646235528,5.449788007770647,0.24412070882444392,7.73934224195639,1.211510444178813,7.677730480740743,1.4466561922508059,0.6097762044177822,-0.23167866417635397,0.3462846736740332,0.4918864030507626,6,9,2024,-0.4329001980838765
h10_75_h20_25,10,3,3,10.0,208,2018-01-02,2026-07-16,11.634469808564287,0.34610962827645486,44.47175825411717,32.837288445552886,5.388176246555,0.24272217646235528,5.420143536109551,0.24344928466062266,6.246293562009287,0.9777897980472552,6.214326272454736,0.9491565929051045,0.39888798992067287,-0.4825175812742082,0.7825967915004052,1.2763240411618617,7,9,2024,-0.6407967751898463
h10_75_h20_25,10,3,5,10.0,208,2018-01-02,2026-07-16,7.754815137478941,0.28947368298097387,26.460526293603685,18.705711156124742,5.388176246555,0.24272217646235528,5.420143536109551,0.24344928466062266,2.366638890923941,0.3704717590095008,2.33467160136939,0.8130485770335034,0.2831305271180632,-0.47295678946464614,0.6991028076345862,1.1394950643057524,6,9,2024,-0.5868901724974589
h10_75_h20_25,10,3,10,10.0,208,2018-01-02,2026-07-16,10.998330887538831,0.3379853512137445,28.71286686503317,17.71453597749434,5.388176246555,0.24272217646235528,5.420143536109551,0.24344928466062266,5.610154640983831,0.878209120170919,5.57818735142928,0.9091346359788853,0.3896097627778948,-0.4660795595081282,0.5574964623147292,0.9042802236674898,7,9,2024,-0.4388391775237599
h10_75_h20_25,10,5,5,10.0,208,2018-01-02,2026-07-16,11.026636489703366,0.33835484277896954,39.47019353741532,28.443557047711955,5.388176246555,0.24272217646235528,5.420143536109551,0.24344928466062266,5.638460243148366,0.8826400564932848,5.606492953593815,1.032078414357813,0.3954127588323994,-0.4058177088320941,0.7417593877675214,1.209644728346809,7,9,2024,-0.6733624310584914
h10_75_h20_25,10,5,10,10.0,208,2018-01-02,2026-07-16,21.24683319992503,0.4383774358896051,56.20325837133967,34.95642517141464,5.388176246555,0.24272217646235528,5.420143536109551,0.24344928466062266,15.858656953370032,2.482501474802335,15.82668966381548,1.202307134326646,0.6345027717296223,-0.36725936727018993,0.5784995079357653,0.9418739965575176,7,9,2024,-0.6148890850225013
h10_75_h20_25,10,5,15,10.0,208,2018-01-02,2026-07-16,9.792484656656471,0.3214816911204854,22.53500906572974,12.742524409073267,5.388176246555,0.24272217646235528,5.420143536109551,0.24344928466062266,4.404308410101471,0.689446915694697,4.3723411205469205,0.9635980218668947,0.35302446451115044,-0.34935521497311317,0.4785480673211803,0.7777732843220233,7,9,2024,-0.5771098877503692
h10_75_h20_25,10,10,10,10.0,208,2018-01-02,2026-07-16,13.02311874986622,0.36265912727230165,38.6877546232772,25.66463587341098,5.388176246555,0.24272217646235528,5.420143536109551,0.24344928466062266,7.634942503311221,1.1951677925962945,7.60297521375667,1.3130927862057664,0.5413538847185533,-0.28770514807770475,0.6363740830990863,1.0375716028841881,6,9,2024,-0.49399475113875946
h10_75_h20_25,10,10,15,10.0,208,2018-01-02,2026-07-16,14.10607056021518,0.37458927513814744,34.17323396563523,20.067163405420047,5.388176246555,0.24272217646235528,5.420143536109551,0.24344928466062266,8.71789431366018,1.364692202780339,8.685927024105629,1.347683693728117,0.5807329409866316,-0.2530688505277914,0.5173649428738363,0.8432534787243997,7,9,2024,-0.4629814055475028
h10_75_h20_25,10,10,20,10.0,208,2018-01-02,2026-07-16,18.54278986042781,0.4166996300831074,36.71839453500508,18.175604674577272,5.388176246555,0.24272217646235528,5.420143536109551,0.24344928466062266,13.15461361387281,2.0592126932889174,13.122646324318259,1.4386514959692234,0.7262317248121345,-0.24357345307393552,0.40286454738203514,0.6562972329653869,7,9,2024,-0.4772554825644948
h10_75_h20_25,10,15,15,10.0,208,2018-01-02,2026-07-16,8.85681631751949,0.30751308294892343,23.499015785951,14.642199468431508,5.388176246555,0.24272217646235528,5.420143536109551,0.24344928466062266,3.46864007096449,0.5429781422882705,3.436672781409939,1.2856599384058716,0.3532286899163243,-0.25333115757409363,0.5572419569044815,0.9083646672336376,6,9,2024,-0.39442570804693
h10_75_h20_25,10,15,20,10.0,208,2018-01-02,2026-07-16,11.952637448030984,0.35003837512165425,25.6756877791566,13.723050331125616,5.388176246555,0.24272217646235528,5.420143536109551,0.24344928466062266,6.564461201475984,1.0275955058403485,6.532493911921433,1.4197394755749935,0.551973365946108,-0.24316715213821916,0.4425343793400992,0.721070134586514,6,9,2024,-0.4180024783063143
h10_75_h20_25,10,15,25,10.0,208,2018-01-02,2026-07-16,12.142960088340718,0.35234794793943003,22.11963623815177,9.976676149811052,5.388176246555,0.24272217646235528,5.420143536109551,0.24344928466062266,6.754783841785718,1.0573884597232928,6.722816552231167,1.410361782798948,0.5580488531384953,-0.23230791605475776,0.3462846736740332,0.5639136151749614,6,9,2024,-0.44371170953311645
h10_75_h20_25,10,3,3,20.0,208,2018-01-02,2026-07-16,8.100838760559224,0.29534407316460043,44.47175825411717,36.37091949355795,5.388176246555,0.24272217646235528,5.361256182007542,0.24210737356242484,2.712662514004224,0.42463802019662533,2.7395825785516816,0.8524075767658751,0.28631113588658075,-0.5121837351228893,0.7825967915004052,1.60188430642603,6,9,2024,-0.6758493334887117
h10_75_h20_25,10,3,5,20.0,208,2018-01-02,2026-07-16,5.53172942900444,0.2459625450480778,26.460526293603685,20.928796864599246,5.388176246555,0.24272217646235528,5.361256182007542,0.24210737356242484,0.14355318244944026,0.02247170035843249,0.17047324699689792,0.7313776145300329,0.18795378291310777,-0.49866166767941333,0.6991028076345862,1.4303218322817404,5,9,2024,-0.6215799013901435
h10_75_h20_25,10,3,10,20.0,208,2018-01-02,2026-07-16,8.500903660503013,0.30189054770174284,28.71286686503317,20.211963204530157,5.388176246555,0.24272217646235528,5.361256182007542,0.24210737356242484,3.112727413948013,0.48726385963859986,3.139647478495471,0.8429695994304738,0.3115897183742836,-0.47227651091422107,0.5574964623147292,1.136198751990417,5,9,2024,-0.46790354376200227
h10_75_h20_25,10,5,5,20.0,208,2018-01-02,2026-07-16,7.814188153555158,0.2904953550813518,39.47019353741532,31.656005383860162,5.388176246555,0.24272217646235528,5.361256182007542,0.24210737356242484,2.4260119070001576,0.3797659634560726,2.452931971547615,0.924989854435372,0.2657185033579431,-0.44082035010258724,0.7417593877675214,1.5182166336580978,7,9,2024,-0.7052982617725776
h10_75_h20_25,10,5,10,20.0,208,2018-01-02,2026-07-16,16.4629366863121,0.3981419898163534,56.20325837133967,39.74032168502757,5.388176246555,0.24272217646235528,5.361256182007542,0.24210737356242484,11.074760439757101,1.7336341410006448,11.101680504304559,1.122414064482806,0.5382711139771076,-0.38134437790250053,0.5784995079357653,1.182529791858796,7,9,2024,-0.6408015400479482
h10_75_h20_25,10,5,15,20.0,208,2018-01-02,2026-07-16,7.834793326721254,0.29084850255072436,22.53500906572974,14.700215739008485,5.388176246555,0.24272217646235528,5.361256182007542,0.24210737356242484,2.446617080166254,0.38299148078227474,2.4735371447137116,0.897824586117427,0.27240925449832637,-0.36199150024739446,0.4785480673211803,0.9768492803276343,6,9,2024,-0.5996498026926167
h10_75_h20_25,10,10,10,20.0,208,2018-01-02,2026-07-16,9.74437750512,0.3207900849892782,38.6877546232772,28.9433771181572,5.388176246555,0.24272217646235528,5.361256182007542,0.24210737356242484,4.356201258564999,0.6819162606720817,4.383121323112457,1.1942259888559668,0.3821054734473648,-0.3241496370348621,0.6363740830990863,1.302303221453408,6,9,2024,-0.5285097976529267
h10_75_h20_25,10,10,15,20.0,208,2018-01-02,2026-07-16,11.167364396113133,0.3401805375632869,34.17323396563523,23.005869569522094,5.388176246555,0.24272217646235528,5.361256182007542,0.24210737356242484,5.7791881495581325,0.9046694904002874,5.80610821410559,1.25131657358179,0.45221093377441185,-0.2729489725727656,0.5173649428738363,1.0584772949599155,7,9,2024,-0.4939998935132035
h10_75_h20_25,10,10,20,20.0,208,2018-01-02,2026-07-16,15.515466788427222,0.38903256208511827,36.71839453500508,21.20292774657786,5.388176246555,0.24272217646235528,5.361256182007542,0.24210737356242484,10.127290541872222,1.585317961027397,10.15421060641968,1.3649807758536254,0.6279178122672787,-0.25025504333391546,0.40286454738203514,0.8238888846763135,7,9,2024,-0.501506906235986
h10_75_h20_25,10,15,15,20.0,208,2018-01-02,2026-07-16,6.807909924429187,0.27229321176176247,23.499015785951,16.691105861521812,5.388176246555,0.24272217646235528,5.361256182007542,0.24210737356242484,1.419733677874187,0.2222439743486755,1.4466537424216446,1.1672394864853528,0.1834110612606855,-0.27052005426750725,0.5572419569044815,1.1401773213059019,6,9,2024,-0.429393943120973
h10_75_h20_25,10,15,20,20.0,208,2018-01-02,2026-07-16,9.76615977826962,0.32110357293262415,25.6756877791566,15.909528000886981,5.388176246555,0.24272217646235528,5.361256182007542,0.24210737356242484,4.377983531714619,0.6853260402881913,4.404903596262077,1.326084723198271,0.41748365494008827,-0.257925585461273,0.4425343793400992,0.9051644363919954,6,9,2024,-0.44532198878580864
h10_75_h20_25,10,15,25,20.0,208,2018-01-02,2026-07-16,10.37391813371984,0.3296322030124206,22.11963623815177,11.74571810443193,5.388176246555,0.24272217646235528,5.361256182007542,0.24210737356242484,4.98574188716484,0.780464047129811,5.012661951712298,1.3377243990560244,0.45453082942026796,-0.2335657338449686,0.3462846736740332,0.7079680394233592,6,9,2024,-0.46503139354985557
h10_50_h20_50,10,3,3,0.0,208,2018-01-02,2026-07-16,28.16303679139452,0.4847354327230169,74.6106860948941,46.44764930349959,5.388176246555,0.24272217646235528,5.479567142054408,0.24479244560095692,22.77486054483952,3.565158453028201,22.683469649340115,1.1606440917458292,0.6728393097688655,-0.411499119861379,0.7822095478212059,0.9502925777888434,6,9,2024,-0.6579241809355624
h10_50_h20_50,10,3,5,0.0,208,2018-01-02,2026-07-16,22.06933624321227,0.44450958078848624,53.355814485519744,31.286478242307474,5.388176246555,0.24272217646235528,5.479567142054408,0.24479244560095692,16.68115999665727,2.6112554433126425,16.589769101157863,1.0846601430395026,0.5973077813815659,-0.3847520352567111,0.704314835041217,0.855010291278153,7,9,2024,-0.5882093861683053
h10_50_h20_50,10,3,10,0.0,208,2018-01-02,2026-07-16,13.987341251435973,0.37331886378454837,27.627260712145244,13.63991946070927,5.388176246555,0.24272217646235528,5.479567142054408,0.24479244560095692,8.599165004880973,1.3461064117506636,8.507774109381565,0.9473500288371498,0.4595657667482405,-0.46770123219898196,0.5352837429164938,0.6458332583807898,6,9,2024,-0.40532824362100417
h10_50_h20_50,10,5,5,0.0,208,2018-01-02,2026-07-16,15.738650142936674,0.3912191167864387,39.492492428027994,23.75384228509132,5.388176246555,0.24272217646235528,5.479567142054408,0.24479244560095692,10.350473896381674,1.6202549048272505,10.259083000882267,1.1414683498698288,0.5376359145165543,-0.3261886159620503,0.7255610371978248,0.8813626700623131,7,9,2024,-0.6131960755584895
h10_50_h20_50,10,5,10,0.0,208,2018-01-02,2026-07-16,18.35585720081335,0.4151049605760886,37.312198540152444,18.956341339339094,5.388176246555,0.24272217646235528,5.479567142054408,0.24479244560095692,12.96768095425835,2.0299504042725074,12.876290058758944,1.1417237050907507,0.5796479495404566,-0.32352761134669883,0.561236674959259,0.6814127860904262,7,9,2024,-0.5750962646380134
h10_50_h20_50,10,5,15,0.0,208,2018-01-02,2026-07-16,14.233198320824652,0.3759398151571369,24.993128076534976,10.759929755710324,5.388176246555,0.24272217646235528,5.479567142054408,0.24479244560095692,8.845022074269652,1.3845926807419526,8.753631178770245,1.0649328762709147,0.4821978220594637,-0.3106169088444204,0.44111377554113873,0.5334472420784576,7,9,2024,-0.5409581278838858
h10_50_h20_50,10,10,10,0.0,208,2018-01-02,2026-07-16,16.79524740041275,0.4012337920728519,36.69666383062619,19.90141643021344,5.388176246555,0.24272217646235528,5.479567142054408,0.24479244560095692,11.407071153857752,1.7856537943844817,11.315680258358345,1.4230895204977885,0.7025756288510923,-0.2586100372862221,0.616933944515162,0.7491852236860491,7,9,2024,-0.34305771637663707
h10_50_h20_50,10,10,15,0.0,208,2018-01-02,2026-07-16,16.964081360981552,0.4027851356656331,31.55662030155503,14.592538940573476,5.388176246555,0.24272217646235528,5.479567142054408,0.24479244560095692,11.575905114426552,1.812082927528679,11.484514218927146,1.4246211665262174,0.6856862432640422,-0.23435166934437746,0.48909836787069116,0.5936348940250571,7,9,2024,-0.38699406127031555
h10_50_h20_50,10,10,20,0.0,208,2018-01-02,2026-07-16,20.867916347525483,0.4354848250539116,34.04474298446976,13.176826636944273,5.388176246555,0.24272217646235528,5.479567142054408,0.24479244560095692,15.479740100970483,2.4231861338074947,15.388349205471076,1.4550676849016688,0.8053972062521506,-0.23617891064592356,0.3882792945052526,0.47095824555399135,7,9,2024,-0.459711447269638
h10_50_h20_50,10,15,15,0.0,208,2018-01-02,2026-07-16,11.431757187336352,0.3435607233466109,22.80523505541783,11.373477868081476,5.388176246555,0.24272217646235528,5.479567142054408,0.24479244560095692,6.043580940781352,0.9460573264616046,5.952190045281944,1.4028385909159407,0.5300803313696949,-0.2614448137932506,0.5342437156105764,0.6485677531549495,6,9,2024,-0.3488280409458784
h10_50_h20_50,10,15,20,0.0,208,2018-01-02,2026-07-16,15.032736688481815,0.38421252432348085,26.216391968676025,11.183655280194209,5.388176246555,0.24272217646235528,5.479567142054408,0.24479244560095692,9.644560441926815,1.5097517772976143,9.553169546427409,1.517937821732427,0.7208158559426829,-0.23263014492603595,0.4355211709868754,0.5284421608568302,6,9,2024,-0.39308399569190233
h10_50_h20_50,10,15,25,0.0,208,2018-01-02,2026-07-16,16.175873986989167,0.39542907133651783,24.61873537447071,8.442861387481543,5.388176246555,0.24272217646235528,5.479567142054408,0.24479244560095692,10.787697740434167,1.6886975756581122,10.69630684493476,1.5423727910909841,0.7781395596992476,-0.223156081454987,0.3294468577597568,0.3993709365220722,7,9,2024,-0.3848508737855487
h10_50_h20_50,10,3,3,5.0,208,2018-01-02,2026-07-16,23.761951029954893,0.45654425008369404,74.6106860948941,50.84873506493921,5.388176246555,0.24272217646235528,5.449788007770647,0.24412070882444392,18.373774783399895,2.8762160081773662,18.312163022184247,1.1142736724646023,0.6187808087255501,-0.42777927693889184,0.7822095478212059,1.1129921637356541,6,9,2024,-0.6752058306149412
h10_50_h20_50,10,3,5,5.0,208,2018-01-02,2026-07-16,18.910530014566913,0.4197978034926204,53.355814485519744,34.44528447095283,5.388176246555,0.24272217646235528,5.449788007770647,0.24412070882444392,13.522353768011913,2.1167784428778424,13.460742006796266,1.04367358215753,0.5492155091353956,-0.39917896939694697,0.704314835041217,1.0015077769667262,7,9,2024,-0.6037864014325892
h10_50_h20_50,10,3,10,5.0,208,2018-01-02,2026-07-16,12.401610609614284,0.3554398038793978,27.627260712145244,15.22565010253096,5.388176246555,0.24272217646235528,5.449788007770647,0.24412070882444392,7.013434363059284,1.0978774054396938,6.951822601843637,0.9171645215602652,0.42426994759433345,-0.4781965592629648,0.5352837429164938,0.7571722769074205,6,9,2024,-0.4190900506132542
h10_50_h20_50,10,5,5,5.0,208,2018-01-02,2026-07-16,13.38300189081683,0.3667113041891925,39.492492428027994,26.109490537211165,5.388176246555,0.24272217646235528,5.449788007770647,0.24412070882444392,7.99482564426183,1.2515036116251896,7.933213883046183,1.0895550493023307,0.47385678402906384,-0.3355233449520143,0.7255610371978248,1.032279365799461,7,9,2024,-0.6302186076336069
h10_50_h20_50,10,5,10,5.0,208,2018-01-02,2026-07-16,16.21449148644565,0.3957963501461097,37.312198540152444,21.097707053706795,5.388176246555,0.24272217646235528,5.449788007770647,0.24412070882444392,10.826315239890649,1.6947427281345027,10.764703478675003,1.1038497909813245,0.5337249011111328,-0.33730334129922546,0.561236674959259,0.7981500144819522,7,9,2024,-0.5890940823757559
h10_50_h20_50,10,5,15,5.0,208,2018-01-02,2026-07-16,12.893032405190667,0.3611717784452586,24.993128076534976,12.10009567134431,5.388176246555,0.24272217646235528,5.449788007770647,0.24412070882444392,7.504856158635667,1.174804180251424,7.4432443974200195,1.0350074388391022,0.44623980588460216,-0.32148945502848436,0.44111377554113873,0.6251989073910145,7,9,2024,-0.5521137457593404
h10_50_h20_50,10,10,10,5.0,208,2018-01-02,2026-07-16,14.643692937044424,0.38023378633906035,36.69666383062619,22.05297089358177,5.388176246555,0.24272217646235528,5.449788007770647,0.24412070882444392,9.255516690489424,1.4488511796274746,9.193904929273778,1.3655257847937212,0.6232909375905663,-0.26085689388440325,0.616933944515162,0.8775074841452029,6,9,2024,-0.3623922316056747
h10_50_h20_50,10,10,15,5.0,208,2018-01-02,2026-07-16,15.220571327727292,0.38610307765776564,31.55662030155503,16.336048973827737,5.388176246555,0.24272217646235528,5.449788007770647,0.24412070882444392,9.832395081172292,1.5391552614840083,9.770783319956646,1.3790418421741333,0.624679178569921,-0.23590750401831162,0.48909836787069116,0.6953673545421609,7,9,2024,-0.40236089766621697
h10_50_h20_50,10,10,20,5.0,208,2018-01-02,2026-07-16,19.1663959502765,0.42192378183771373,34.04474298446976,14.878347034193258,5.388176246555,0.24272217646235528,5.449788007770647,0.24412070882444392,13.778219703721499,2.1568314917973317,13.716607942505853,1.4203794168365054,0.7578752325931768,-0.23933679452613876,0.3882792945052526,0.5517203388110838,7,9,2024,-0.47170681933243075
h10_50_h20_50,10,15,15,5.0,208,2018-01-02,2026-07-16,10.119812425778322,0.3261165050693702,22.80523505541783,12.685422629639506,5.388176246555,0.24272217646235528,5.449788007770647,0.24412070882444392,4.731636179223322,0.7406865428572025,4.670024418007675,1.3462066095748713,0.4476993188437776,-0.2699305777581561,0.5342437156105764,0.7596904460019495,6,9,2024,-0.3660582405274091
h10_50_h20_50,10,15,20,5.0,208,2018-01-02,2026-07-16,13.640140893482048,0.3695521394847434,26.216391968676025,12.576251075193976,5.388176246555,0.24272217646235528,5.449788007770647,0.24412070882444392,8.251964646927048,1.2917559454276404,8.190352885711402,1.4723602372758657,0.6536788773565304,-0.23326127585171286,0.4355211709868754,0.6190305644221001,6,9,2024,-0.40683381391765794
h10_50_h20_50,10,15,25,5.0,208,2018-01-02,2026-07-16,15.035646601319726,0.38424196133557187,24.61873537447071,9.583088773150983,5.388176246555,0.24272217646235528,5.449788007770647,0.24412070882444392,9.647470354764726,1.510207292725743,9.58585859354908,1.5078146428398183,0.7270582435567993,-0.22900053855211644,0.3294468577597568,0.46789588293610157,7,9,2024,-0.3954572862815948
h10_50_h20_50,10,3,3,10.0,208,2018-01-02,2026-07-16,20.022064140875848,0.42886458716361076,74.6106860948941,54.58862195401826,5.388176246555,0.24272217646235528,5.420143536109551,0.24344928466062266,14.633887894320848,2.2907771059404594,14.601920604766297,1.0678316861602277,0.564659678403282,-0.44362185450594727,0.7822095478212059,1.275691749682465,6,9,2024,-0.6921623397135732
h10_50_h20_50,10,3,5,10.0,208,2018-01-02,2026-07-16,16.182181625501777,0.39548911106921714,53.355814485519744,37.17363286001797,5.388176246555,0.24272217646235528,5.420143536109551,0.24344928466062266,10.794005378946776,1.689684968345659,10.762038089392226,1.0026069072647792,0.5010355209102465,-0.4132778809803016,0.704314835041217,1.1480052626552992,7,9,2024,-0.6191200507843551
h10_50_h20_50,10,3,10,10.0,208,2018-01-02,2026-07-16,10.982720692706197,0.337781251774228,27.627260712145244,16.64454001943905,5.388176246555,0.24272217646235528,5.420143536109551,0.24344928466062266,5.594544446151197,0.8757655127577624,5.562577156596646,0.8869413702815829,0.3889422315295672,-0.488493105337251,0.5352837429164938,0.8685112954340511,6,9,2024,-0.4326935692867031
h10_50_h20_50,10,5,5,10.0,208,2018-01-02,2026-07-16,11.357383497275217,0.3426163424317543,39.492492428027994,28.13510893075278,5.388176246555,0.24272217646235528,5.420143536109551,0.24344928466062266,5.969207250720217,0.9344149285078471,5.937239961165666,1.037559048552328,0.4100038152255681,-0.34492221799186273,0.7255610371978248,1.1831960615366084,7,9,2024,-0.646940732359352
h10_50_h20_50,10,5,10,10.0,208,2018-01-02,2026-07-16,14.308798819982153,0.37673824534602685,37.312198540152444,23.003399720170293,5.388176246555,0.24272217646235528,5.420143536109551,0.24344928466062266,8.920622573427153,1.396427122410382,8.888655283872602,1.0659266807498855,0.487762282612264,-0.3508086212665351,0.561236674959259,0.9148872428734779,7,9,2024,-0.6028977815927012
h10_50_h20_50,10,5,15,10.0,208,2018-01-02,2026-07-16,11.670090143146144,0.34655378371021417,24.993128076534976,13.323037933388832,5.388176246555,0.24272217646235528,5.420143536109551,0.24344928466062266,6.281913896591144,0.9833657767314794,6.249946607036593,1.0050559086681823,0.4102648325775162,-0.3321977680944256,0.44111377554113873,0.7169505727035712,6,9,2024,-0.5631506189687205
h10_50_h20_50,10,10,10,10.0,208,2018-01-02,2026-07-16,12.751094577252458,0.35953483311962486,36.69666383062619,23.945569253373733,5.388176246555,0.24272217646235528,5.420143536109551,0.24344928466062266,7.3629183306974575,1.1525853461961248,7.330951041142907,1.3079044848068244,0.5439597290031787,-0.279650213235915,0.616933944515162,1.0058297446043567,6,9,2024,-0.3814262600152776
h10_50_h20_50,10,10,15,10.0,208,2018-01-02,2026-07-16,13.6454388687107,0.3696102062050586,31.55662030155503,17.91118143284433,5.388176246555,0.24272217646235528,5.420143536109551,0.24344928466062266,8.2572626221557,1.292585286232304,8.22529533260115,1.3334212647405563,0.5636609483174538,-0.2399228014898206,0.48909836787069116,0.7970998150592647,6,9,2024,-0.4175308703518512
h10_50_h20_50,10,10,20,10.0,208,2018-01-02,2026-07-16,17.596558918739543,0.4084845468843026,34.04474298446976,16.448184065730214,5.388176246555,0.24272217646235528,5.420143536109551,0.24344928466062266,12.208382672184543,1.9110904585276978,12.176415382629992,1.3856734453437523,0.7103391865925541,-0.2424832492563651,0.3882792945052526,0.6324824320681764,7,9,2024,-0.4835742833348382
h10_50_h20_50,10,15,15,10.0,208,2018-01-02,2026-07-16,8.945684021370797,0.3088889761028899,22.80523505541783,13.859551034047032,5.388176246555,0.24272217646235528,5.420143536109551,0.24344928466062266,3.5575077748157966,0.5568894215675844,3.5255404852612457,1.2895187963445671,0.36529131893243233,-0.2783241286270347,0.5342437156105764,0.8708131388489493,6,9,2024,-0.3830484580375959
h10_50_h20_50,10,15,20,10.0,208,2018-01-02,2026-07-16,12.367918038353535,0.3550400494694992,26.216391968676025,13.84847393032249,5.388176246555,0.24272217646235528,5.420143536109551,0.24344928466062266,6.979741791798535,1.0926031972838182,6.947774502243984,1.4267348890973133,0.5864877602678483,-0.23455619509894066,0.4355211709868754,0.7096189679873702,6,9,2024,-0.42042510507433195
h10_50_h20_50,10,15,25,10.0,208,2018-01-02,2026-07-16,13.970717832153108,0.37314028358836526,24.61873537447071,10.648017542317602,5.388176246555,0.24272217646235528,5.420143536109551,0.24344928466062266,8.582541585598108,1.3435041949925033,8.550574296043557,1.4732449970422261,0.6759612411295922,-0.23480360304121883,0.3294468577597568,0.5364208293501309,7,9,2024,-0.40597016345096004
h10_50_h20_50,10,3,3,20.0,208,2018-01-02,2026-07-16,14.145061644568695,0.37500455979367486,74.6106860948941,60.46562445032541,5.388176246555,0.24272217646235528,5.361256182007542,0.24210737356242484,8.756885398013695,1.3707958359376962,8.783805462561153,0.9747374158703122,0.4562371458738957,-0.4740396558653207,0.7822095478212059,1.6010909215760867,6,9,2024,-0.7251231695638373
h10_50_h20_50,10,3,5,20.0,208,2018-01-02,2026-07-16,11.7912266775903,0.34805604967651504,53.355814485519744,41.56458780792944,5.388176246555,0.24272217646235528,5.361256182007542,0.24210737356242484,6.4030504310353,1.0023283929413065,6.429970495582758,0.9202373963501203,0.40441964992221413,-0.44052038683776673,0.704314835041217,1.4410002340324453,6,9,2024,-0.649071617498696
h10_50_h20_50,10,3,10,20.0,208,2018-01-02,2026-07-16,8.577457397426878,0.30311541707337253,27.627260712145244,19.049803314718368,5.388176246555,0.24272217646235528,5.361256182007542,0.24210737356242484,3.189281150871878,0.4992475203845206,3.2162012154193356,0.8263859404473479,0.3181973732557394,-0.5085042378037792,0.5352837429164938,1.0911893324873125,6,9,2024,-0.45943258745442117
h10_50_h20_50,10,5,5,20.0,208,2018-01-02,2026-07-16,8.118508245971894,0.2956385215291204,39.492492428027994,31.3739841820561,5.388176246555,0.24272217646235528,5.361256182007542,0.24210737356242484,2.7303319994168938,0.42740398731004015,2.7572520639643514,0.9333239472184413,0.2820866640094006,-0.3633453332492852,0.7255610371978248,1.4850294530109034,7,9,2024,-0.6795039189335159
h10_50_h20_50,10,5,10,20.0,208,2018-01-02,2026-07-16,11.104033709286549,0.3393612538272215,37.312198540152444,26.208164830865897,5.388176246555,0.24272217646235528,5.361256182007542,0.24210737356242484,5.715857462731549,0.8947557553400287,5.7427775272790065,0.9899382508416907,0.3957282571035204,-0.3770281898271356,0.561236674959259,1.1483616996565296,7,9,2024,-0.6299330184910293
h10_50_h20_50,10,5,15,20.0,208,2018-01-02,2026-07-16,9.5359816067464,0.3177621745170558,24.993128076534976,15.457146469788576,5.388176246555,0.24272217646235528,5.361256182007542,0.24210737356242484,4.1478053601914,0.649294133427865,4.174725424738858,0.9450786155134802,0.3382711009053324,-0.3531311519614768,0.44111377554113873,0.9004539033286849,6,9,2024,-0.584872909155823
h10_50_h20_50,10,10,10,20.0,208,2018-01-02,2026-07-16,9.62236528881516,0.319023655293895,36.69666383062619,27.074298541811032,5.388176246555,0.24272217646235528,5.361256182007542,0.24210737356242484,4.2341890422601605,0.6628165659242047,4.261109106807618,1.1924958246563573,0.3851756977722788,-0.31626292163372216,0.616933944515162,1.262474265522664,6,9,2024,-0.4186106689243847
h10_50_h20_50,10,10,15,20.0,208,2018-01-02,2026-07-16,10.937134400659804,0.33718387574791,31.55662030155503,20.619485900895224,5.388176246555,0.24272217646235528,5.361256182007542,0.24210737356242484,5.548958154104804,0.8686294710633935,5.575878218652262,1.2420627742147823,0.4416066191758548,-0.25894672215893677,0.48909836787069116,1.0005647360934722,6,9,2024,-0.4472898395410754
h10_50_h20_50,10,10,20,20.0,208,2018-01-02,2026-07-16,14.812165950456311,0.38196735726527264,34.04474298446976,19.232577034013445,5.388176246555,0.24272217646235528,5.361256182007542,0.24210737356242484,9.423989703901311,1.475223810392435,9.450909768448769,1.3162125132335853,0.6152354710605427,-0.2487420138893608,0.3882792945052526,0.7940066185823614,7,9,2024,-0.5069306828626723
h10_50_h20_50,10,15,15,20.0,208,2018-01-02,2026-07-16,6.954734253066869,0.2750737333504518,22.80523505541783,15.85050080235096,5.388176246555,0.24272217646235528,5.361256182007542,0.24210737356242484,1.566558006511869,0.24522773731496184,1.5934780710593266,1.1759814054684996,0.20041283396295734,-0.2948383622718682,0.5342437156105764,1.0930585245429492,6,9,2024,-0.4163217101478962
h10_50_h20_50,10,15,20,20.0,208,2018-01-02,2026-07-16,10.144061362005694,0.3264550471503156,26.216391968676025,16.07233060667033,5.388176246555,0.24272217646235528,5.361256182007542,0.24210737356242484,4.755885115450694,0.7444824519385225,4.782805179998151,1.3353455481223833,0.4519584659272459,-0.24890633145721408,0.4355211709868754,0.8907957751179105,6,9,2024,-0.44713907959289756
h10_50_h20_50,10,15,25,20.0,208,2018-01-02,2026-07-16,12.047293517896128,0.35119074795595084,24.61873537447071,12.571441856574582,5.388176246555,0.24272217646235528,5.361256182007542,0.24210737356242484,6.6591172713411275,1.0424128913055961,6.686037335888585,1.4040744219308736,0.5737305393578661,-0.24628665304462805,0.3294468577597568,0.6734707221781898,7,9,2024,-0.4267184571209537
h10_25_h20_75,10,3,3,0.0,208,2018-01-02,2026-07-16,14.02431628026356,0.3737154487649559,37.356840826746925,23.332524546483363,5.388176246555,0.24272217646235528,5.479567142054408,0.24479244560095692,8.63614003370856,1.3518944531885508,8.544749138209152,0.9947789779338386,0.4583347187517412,-0.41791970510437826,0.76957925210942,0.9349240339667424,7,9,2024,-0.644946898858271
h10_25_h20_75,10,3,5,0.0,208,2018-01-02,2026-07-16,16.035603666443613,0.3940888425735716,37.71228006959209,21.676676403148477,5.388176246555,0.24272217646235528,5.479567142054408,0.24479244560095692,10.647427419888613,1.6667397718762897,10.556036524389206,0.9800974033184605,0.4933315855910084,-0.4107232508689812,0.6759305418407493,0.8189722833118238,6,9,2024,-0.6245777708141887
h10_25_h20_75,10,3,10,0.0,208,2018-01-02,2026-07-16,26.402527563672407,0.47394160393336526,51.72049078240511,25.3179632187327,5.388176246555,0.24272217646235528,5.479567142054408,0.24479244560095692,21.01435131711741,3.2895697466784792,20.922960421618,1.06006452504834,0.6149135415313174,-0.38098660877431334,0.5424488256217835,0.6530517310165864,7,9,2024,-0.4462407614590904
h10_25_h20_75,10,5,5,0.0,208,2018-01-02,2026-07-16,16.375794402611827,0.3973226295037715,39.9778493446591,23.60205494204727,5.388176246555,0.24272217646235528,5.479567142054408,0.24479244560095692,10.987618156056827,1.719992957611682,10.89622726055742,1.1453492402255434,0.5579028537952904,-0.37584140030430857,0.7047400443920762,0.8560276860162783,6,9,2024,-0.599346636897234
h10_25_h20_75,10,5,10,0.0,208,2018-01-02,2026-07-16,23.795158191116535,0.4567730032173485,48.050619992389585,24.25546180127305,5.388176246555,0.24272217646235528,5.479567142054408,0.24479244560095692,18.406981944561537,2.8814142306245865,18.315591049062128,1.2218340403834114,0.6756708324056243,-0.3431380072728776,0.5607997144602932,0.6808810925552848,6,9,2024,-0.5192546931907449
h10_25_h20_75,10,5,15,0.0,208,2018-01-02,2026-07-16,33.59759571911021,0.5147653816561355,55.84927043964525,22.251674720535043,5.388176246555,0.24272217646235528,5.479567142054408,0.24479244560095692,28.20941947255521,4.415879960695811,28.118028577055803,1.2870102875472669,0.7848525191235373,-0.3720617963382923,0.4119116926586225,0.4958141476270118,7,9,2024,-0.4558220313796302
h10_25_h20_75,10,10,10,0.0,208,2018-01-02,2026-07-16,14.372663301793859,0.3774100216769525,31.30790861178582,16.935245309991963,5.388176246555,0.24272217646235528,5.479567142054408,0.24479244560095692,8.984487055238858,1.4064244173106513,8.89309615973945,1.3330088175138808,0.6240341465472715,-0.2592745427978247,0.6104565574935752,0.7413035391581824,7,9,2024,-0.36319388137882713
h10_25_h20_75,10,10,15,0.0,208,2018-01-02,2026-07-16,20.24387318887831,0.43062305460500383,36.55440180361585,16.310528614737542,5.388176246555,0.24272217646235528,5.479567142054408,0.24479244560095692,14.855696942323311,2.325498916898959,14.764306046823904,1.4419555608585024,0.787937616912804,-0.22809083434795818,0.46871280008040433,0.568829735137836,7,9,2024,-0.410154369930678
h10_25_h20_75,10,10,20,0.0,208,2018-01-02,2026-07-16,19.41075592436239,0.4239320421441417,31.202355696200343,11.791599771837951,5.388176246555,0.24272217646235528,5.479567142054408,0.24479244560095692,14.022579677807391,2.1950834066873863,13.931188782307984,1.45888682473021,0.7586200333085178,-0.2565934099889602,0.3755853118116146,0.45536220741237265,7,9,2024,-0.45180469550222924
h10_25_h20_75,10,15,15,0.0,208,2018-01-02,2026-07-16,9.905824281679116,0.3231004056114002,19.516895238538517,9.6110709568594,5.388176246555,0.24272217646235528,5.479567142054408,0.24479244560095692,4.517648035124116,0.7071890099401035,4.426257139624709,1.3188241122640196,0.43630014319092536,-0.25455679052522806,0.5197422808944984,0.6309224073924257,6,9,2024,-0.38476403154857053
h10_25_h20_75,10,15,20,0.0,208,2018-01-02,2026-07-16,15.597650576526213,0.3898407440147176,26.42188640134087,10.824235824814657,5.388176246555,0.24272217646235528,5.479567142054408,0.24479244560095692,10.209474329971213,1.598182945481029,10.118083434471806,1.5322290544101331,0.7493265166957055,-0.22734228545287705,0.4133003857469382,0.5014039093768743,7,9,2024,-0.35963647864058435
h10_25_h20_75,10,15,25,0.0,208,2018-01-02,2026-07-16,16.194107406624244,0.3956025743624503,24.302970434648078,8.108863028023833,5.388176246555,0.24272217646235528,5.479567142054408,0.24479244560095692,10.805931160069244,1.6915518205836353,10.714540264569838,1.5556925093070706,0.7834570834423552,-0.20219901308570087,0.3184042476114914,0.38593428849366274,7,9,2024,-0.40003162779287416
h10_25_h20_75,10,3,3,5.0,208,2018-01-02,2026-07-16,11.790812444502622,0.3480509340342004,37.356840826746925,25.566028382244305,5.388176246555,0.24272217646235528,5.449788007770647,0.24412070882444392,6.402636197947622,1.002263549225089,6.341024436731975,0.9476334256794208,0.4030972582771796,-0.43280735066768417,0.76957925210942,1.0949965184055017,6,9,2024,-0.6619097972565271
h10_25_h20_75,10,3,5,5.0,208,2018-01-02,2026-07-16,13.790904406008536,0.371197333300207,37.71228006959209,23.921375663583554,5.388176246555,0.24272217646235528,5.449788007770647,0.24412070882444392,8.402728159453536,1.3153563450890915,8.34111639823789,0.941756172306622,0.44867273574835703,-0.4181137703203429,0.6759305418407493,0.9595658360146997,6,9,2024,-0.6406088491686981
h10_25_h20_75,10,3,10,5.0,208,2018-01-02,2026-07-16,23.466748043926106,0.4544987026391998,51.72049078240511,28.253742738479,5.388176246555,0.24272217646235528,5.449788007770647,0.24412070882444392,18.078571797371104,2.830005168864975,18.01696003615546,1.0310896210039537,0.582079944325744,-0.39455977512001994,0.5424488256217835,0.7658810867459174,7,9,2024,-0.4607114240196708
h10_25_h20_75,10,5,5,5.0,208,2018-01-02,2026-07-16,13.995881426456524,0.37341054023114206,39.9778493446591,25.981967918202574,5.388176246555,0.24272217646235528,5.449788007770647,0.24412070882444392,8.607705179901524,1.3474432839174506,8.546093418685878,1.0955957633157494,0.4958498418824034,-0.3941835241079996,0.7047400443920762,1.0026136152498304,6,9,2024,-0.6169910577963511
h10_25_h20_75,10,5,10,5.0,208,2018-01-02,2026-07-16,21.05434453941046,0.43691348068319424,48.050619992389585,26.996275452979123,5.388176246555,0.24272217646235528,5.449788007770647,0.24412070882444392,15.666168292855462,2.452369453849035,15.604556531639815,1.1838639384889587,0.6295916395547608,-0.3493301504488846,0.5607997144602932,0.7975274331630258,6,9,2024,-0.5338528942843794
h10_25_h20_75,10,5,15,5.0,208,2018-01-02,2026-07-16,30.747263185304906,0.49958094904399486,55.84927043964525,25.102007254340347,5.388176246555,0.24272217646235528,5.449788007770647,0.24412070882444392,25.359086938749904,3.969691185716031,25.29747517753426,1.260138491675194,0.7526798741442378,-0.37747704497256573,0.4119116926586225,0.5814917797000052,7,9,2024,-0.46773556273332684
h10_25_h20_75,10,10,10,5.0,208,2018-01-02,2026-07-16,12.532421418610703,0.3569834811637236,31.30790861178582,18.775487193175117,5.388176246555,0.24272217646235528,5.449788007770647,0.24412070882444392,7.144245172055703,1.1183544248498833,7.082633410840056,1.2775627529305853,0.5454074876751173,-0.2615197295375521,0.6104565574935752,0.8682785031168461,7,9,2024,-0.3821086731948562
h10_25_h20_75,10,10,15,5.0,208,2018-01-02,2026-07-16,18.26411778108502,0.414317378168378,36.55440180361585,18.290284022530834,5.388176246555,0.24272217646235528,5.449788007770647,0.24412070882444392,12.87594153453002,2.0155895888867694,12.814329773314373,1.4002940472676109,0.7307255621626545,-0.23441077053575732,0.46871280008040433,0.6663219975545601,7,9,2024,-0.424228734917115
h10_25_h20_75,10,10,20,5.0,208,2018-01-02,2026-07-16,17.872599804500744,0.41091853140196877,31.202355696200343,13.329755891699598,5.388176246555,0.24272217646235528,5.449788007770647,0.24412070882444392,12.484423557945744,1.954301677991166,12.422811796730098,1.4243751365305626,0.7122698194985493,-0.263007787053235,0.3755853118116146,0.5334839522691885,7,9,2024,-0.4632544462793158
h10_25_h20_75,10,15,15,5.0,208,2018-01-02,2026-07-16,8.784579165552026,0.3063865794603402,19.516895238538517,10.73231607298649,5.388176246555,0.24272217646235528,5.449788007770647,0.24412070882444392,3.396402918997026,0.5316701962987684,3.334791157781379,1.2644720321636094,0.3567828709779458,-0.2705694464837325,0.5197422808944984,0.7390288018184814,6,9,2024,-0.40078356650107105
h10_25_h20_75,10,15,20,5.0,208,2018-01-02,2026-07-16,14.226584566191587,0.3758697998355056,26.42188640134087,12.195301835149284,5.388176246555,0.24272217646235528,5.449788007770647,0.24412070882444392,8.838408319636587,1.383557368881759,8.77679655842094,1.4889700372815933,0.6855180723339689,-0.2286610601622534,0.4133003857469382,0.5873703896122375,7,9,2024,-0.37282201127281533
h10_25_h20_75,10,15,25,5.0,208,2018-01-02,2026-07-16,15.089741169795321,0.3847883312990932,24.302970434648078,9.213229264852757,5.388176246555,0.24272217646235528,5.449788007770647,0.24412070882444392,9.701564923240321,1.5186752132069237,9.639953162024675,1.5220554319103496,0.7336316250567718,-0.20829822202820036,0.3184042476114914,0.452162371996853,7,9,2024,-0.4102336384612373
h10_25_h20_75,10,3,3,10.0,208,2018-01-02,2026-07-16,9.887836026264658,0.3228444921191238,37.356840826746925,27.469004800482267,5.388176246555,0.24272217646235528,5.420143536109551,0.24344928466062266,4.499659779709658,0.7043731428255793,4.467692490155107,0.9003983955173895,0.34777904531201403,-0.4525373484998857,0.76957925210942,1.255069002844261,6,9,2024,-0.6785640667097502
h10_25_h20_75,10,3,5,10.0,208,2018-01-02,2026-07-16,11.840552653322197,0.3486641661542067,37.71228006959209,25.87172741626989,5.388176246555,0.24272217646235528,5.420143536109551,0.24344928466062266,6.452376406767197,1.0100498417285868,6.420409117212646,0.9033635305589679,0.40396042927618325,-0.4254172218373867,0.6759305418407493,1.1001593887175756,6,9,2024,-0.6563708154590059
h10_25_h20_75,10,3,10,10.0,208,2018-01-02,2026-07-16,20.843789630961062,0.4352991496211296,51.72049078240511,30.876701151444045,5.388176246555,0.24272217646235528,5.420143536109551,0.24344928466062266,15.455613384406062,2.4194093568944544,15.423646094851511,1.0021052501461247,0.5492480484851359,-0.4078461592468354,0.5424488256217835,0.8787104424752483,7,9,2024,-0.47499963689990565
h10_25_h20_75,10,5,5,10.0,208,2018-01-02,2026-07-16,11.940467634386728,0.3498896770148552,39.9778493446591,28.03738171027237,5.388176246555,0.24272217646235528,5.420143536109551,0.24344928466062266,6.552291387831728,1.0256904529466029,6.520324098277177,1.0457462288977217,0.4337053832399029,-0.4120004917009612,0.7047400443920762,1.149199544483382,6,9,2024,-0.6343169655712668
h10_25_h20_75,10,5,10,10.0,208,2018-01-02,2026-07-16,18.614963871003745,0.41731172470203814,48.050619992389585,29.43565612138584,5.388176246555,0.24272217646235528,5.420143536109551,0.24344928466062266,13.226787624448745,2.0705107551754938,13.194820334894194,1.1458551101074055,0.5835004873210435,-0.35546758709635373,0.5607997144602932,0.9141737737707667,6,9,2024,-0.5482510471601075
h10_25_h20_75,10,5,15,10.0,208,2018-01-02,2026-07-16,28.13036743648147,0.48454043696799376,55.84927043964525,27.71890300316378,5.388176246555,0.24272217646235528,5.420143536109551,0.24344928466062266,22.742191189926473,3.560044418340966,22.710223900371922,1.2332557081275681,0.720508571679639,-0.3828482793396517,0.4119116926586225,0.6671694117729987,7,9,2024,-0.4795238015463006
h10_25_h20_75,10,10,10,10.0,208,2018-01-02,2026-07-16,10.911476619009827,0.336846762374605,31.30790861178582,20.396431992775995,5.388176246555,0.24272217646235528,5.420143536109551,0.24344928466062266,5.523300372454827,0.8646130224464954,5.491333082900276,1.2220430509327174,0.46671826860421456,-0.26375957018783114,0.6104565574935752,0.9952534670755097,7,9,2024,-0.4007307747930522
h10_25_h20_75,10,10,15,10.0,208,2018-01-02,2026-07-16,16.467939814010148,0.3981889223600783,36.55440180361585,20.086461989605706,5.388176246555,0.24272217646235528,5.420143536109551,0.24344928466062266,11.079763567455148,1.7344173266087037,11.047796277900597,1.3586016407529928,0.673494634475395,-0.24807699703363784,0.46871280008040433,0.7638142599712843,7,9,2024,-0.438134503247531
h10_25_h20_75,10,10,20,10.0,208,2018-01-02,2026-07-16,16.449724990610616,0.39801799855958175,31.202355696200343,14.752630705589727,5.388176246555,0.24272217646235528,5.420143536109551,0.24344928466062266,11.061548744055616,1.7315659927230187,11.029581454501065,1.3898450930895825,0.665931616674684,-0.26936989866789485,0.3755853118116146,0.6116056971260043,7,9,2024,-0.47458857230360163
h10_25_h20_75,10,15,15,10.0,208,2018-01-02,2026-07-16,7.778078233539929,0.2898747136650406,19.516895238538517,11.738817004998587,5.388176246555,0.24272217646235528,5.420143536109551,0.24344928466062266,2.3899019869849294,0.37411334545970765,2.3579346974303785,1.2100818771859538,0.27722503018485994,-0.28624665245338776,0.5197422808944984,0.8471351962445369,6,9,2024,-0.4165892050133433
h10_25_h20_75,10,15,20,10.0,208,2018-01-02,2026-07-16,12.968219286676893,0.3620329232756563,26.42188640134087,13.453667114663977,5.388176246555,0.24272217646235528,5.420143536109551,0.24344928466062266,7.580043040121893,1.1865738745404277,7.548075750567342,1.4456763977610223,0.621667658393214,-0.23028951073829607,0.4133003857469382,0.6733368698476005,7,9,2024,-0.3858659004265388
h10_25_h20_75,10,15,25,10.0,208,2018-01-02,2026-07-16,14.055932995021802,0.3740538790047023,24.302970434648078,10.247037439626276,5.388176246555,0.24272217646235528,5.420143536109551,0.24344928466062266,8.667756748466802,1.3568437084279146,8.635789458912251,1.4884018933189334,0.6837789434548083,-0.21435355730426453,0.3184042476114914,0.5183904555000431,7,9,2024,-0.420348114902511
h10_25_h20_75,10,3,3,20.0,208,2018-01-02,2026-07-16,6.885842542922576,0.2737747723248207,37.356840826746925,30.47099828382435,5.388176246555,0.24272217646235528,5.361256182007542,0.24210737356242484,1.4976662963675755,0.23444348411257954,1.5245863609150332,0.8056644678834207,0.23690872768398977,-0.5252897008153015,0.76957925210942,1.5752139717217797,6,9,2024,-0.7109680460070714
h10_25_h20_75,10,3,5,20.0,208,2018-01-02,2026-07-16,8.674236713715802,0.3046515875477873,37.71228006959209,29.03804335587629,5.388176246555,0.24272217646235528,5.361256182007542,0.24210737356242484,3.2860604671608016,0.5143972771466505,3.3129805317082592,0.8264279062972468,0.3143818045492923,-0.45228934364404205,0.6759305418407493,1.381346494123327,6,9,2024,-0.6871045506666865
h10_25_h20_75,10,3,10,20.0,208,2018-01-02,2026-07-16,16.40722620884801,0.3976185862618895,51.72049078240511,35.3132645735571,5.388176246555,0.24272217646235528,5.361256182007542,0.24210737356242484,11.019049962293009,1.724913267418903,11.045970026840466,0.9441111812845633,0.4835938050238939,-0.4335817926503662,0.5424488256217835,1.1043691539339102,6,9,2024,-0.503037404522996
h10_25_h20_75,10,5,5,20.0,208,2018-01-02,2026-07-16,8.632910538418626,0.30399728771691126,39.9778493446591,31.34493880624047,5.388176246555,0.24272217646235528,5.361256182007542,0.24210737356242484,3.244734291863626,0.5079281107207145,3.2716543564110836,0.9457631830708989,0.30915180906201645,-0.4461171195357181,0.7047400443920762,1.4423714029504855,6,9,2024,-0.6680351426222608
h10_25_h20_75,10,5,10,20.0,208,2018-01-02,2026-07-16,14.51216032262329,0.3788688335713075,48.050619992389585,33.5384596697663,5.388176246555,0.24272217646235528,5.361256182007542,0.24210737356242484,9.12398407606829,1.428261169373442,9.150904140615747,1.0697259577225995,0.4912909263973359,-0.3814841509235314,0.5607997144602932,1.1474664549862488,6,9,2024,-0.5764576184531567
h10_25_h20_75,10,5,15,20.0,208,2018-01-02,2026-07-16,23.522406553832685,0.454886037328297,55.84927043964525,32.32686388581257,5.388176246555,0.24272217646235528,5.361256182007542,0.24210737356242484,18.134230307277683,2.8387179074868305,18.161150371825144,1.179460300922291,0.6561753032606222,-0.3934600476258888,0.4119116926586225,0.8385246759189856,7,9,2024,-0.5027294044183477
h10_25_h20_75,10,10,10,20.0,208,2018-01-02,2026-07-16,8.226492826611954,0.2974271324858728,31.30790861178582,23.081415785173867,5.388176246555,0.24272217646235528,5.361256182007542,0.24210737356242484,2.8383165800569543,0.44430780719107354,2.865236644604412,1.1107880086088866,0.3091686197123854,-0.2930686120221947,0.6104565574935752,1.249203394992837,7,9,2024,-0.43711419286003395
h10_25_h20_75,10,10,15,20.0,208,2018-01-02,2026-07-16,13.36012151333582,0.3664563577138744,36.55440180361585,23.194280290280034,5.388176246555,0.24272217646235528,5.361256182007542,0.24210737356242484,7.9719452667808195,1.2479219356353717,7.998865331328277,1.2751290441927892,0.558988964889134,-0.27470621029046893,0.46871280008040433,0.9587987848047325,7,9,2024,-0.46544795381547943
h10_25_h20_75,10,10,20,20.0,208,2018-01-02,2026-07-16,13.916085907295995,0.37255215428611743,31.202355696200343,17.28626978890435,5.388176246555,0.24272217646235528,5.361256182007542,0.24210737356242484,8.527909660740995,1.334952157173169,8.554829725288453,1.3207344141033361,0.5733019095526047,-0.28193892636713047,0.3755853118116146,0.767849186839636,7,9,2024,-0.49691439651341507
h10_25_h20_75,10,15,15,20.0,208,2018-01-02,2026-07-16,6.063742089658481,0.25744756870603536,19.516895238538517,13.453153148880036,5.388176246555,0.24272217646235528,5.361256182007542,0.24210737356242484,0.675565843103481,0.10575253672247986,0.7024859076509387,1.1011928153747614,0.11800501697200108,-0.3166219763085708,0.5197422808944984,1.0633479850966485,5,9,2024,-0.4475696987365392
h10_25_h20_75,10,15,20,20.0,208,2018-01-02,2026-07-16,10.753468756711854,0.33475648008656766,26.42188640134087,15.668417644629017,5.388176246555,0.24272217646235528,5.361256182007542,0.24210737356242484,5.365292510156854,0.8398785980662691,5.3922125747043115,1.3589896544106397,0.4938552361052659,-0.24510073635427254,0.4133003857469382,0.8452698303183268,7,9,2024,-0.4115345551720331
h10_25_h20_75,10,15,25,20.0,208,2018-01-02,2026-07-16,12.182338112258867,0.35282211232715754,24.302970434648078,12.120632322389211,5.388176246555,0.24272217646235528,5.361256182007542,0.24210737356242484,6.794161865703867,1.0635526640906012,6.821081930251324,1.4210485155352717,0.5840019156706187,-0.22633378914524438,0.3184042476114914,0.6508466225064236,7,9,2024,-0.44031732368142196
