horizon,seed,run,git_commit
10,1,v5_h10_seed1_20260829_011238,dde0486690551a5cef037bc6c9c3790222801f8e
10,7,v5_h10_seed7_20260829_011238,dde0486690551a5cef037bc6c9c3790222801f8e
10,42,v5_h10_seed42_20260829_011238,dde0486690551a5cef037bc6c9c3790222801f8e
10,123,v5_h10_seed123_20260829_011238,dde0486690551a5cef037bc6c9c3790222801f8e
10,2026,v5_h10_seed2026_20260829_011509,dde0486690551a5cef037bc6c9c3790222801f8e
10,3407,v5_h10_seed3407_20260829_011451,dde0486690551a5cef037bc6c9c3790222801f8e
10,8765,v5_h10_seed8765_20260829_011501,dde0486690551a5cef037bc6c9c3790222801f8e
10,9999,v5_h10_seed9999_20260829_011451,dde0486690551a5cef037bc6c9c3790222801f8e
20,1,v5_h20_seed1_20260829_011721,dde0486690551a5cef037bc6c9c3790222801f8e
20,7,v5_h20_seed7_20260829_011710,dde0486690551a5cef037bc6c9c3790222801f8e
20,42,v5_h20_seed42_20260829_011721,dde0486690551a5cef037bc6c9c3790222801f8e
20,123,v5_h20_seed123_20260829_011727,dde0486690551a5cef037bc6c9c3790222801f8e
20,2026,v5_h20_seed2026_20260829_011934,dde0486690551a5cef037bc6c9c3790222801f8e
20,3407,v5_h20_seed3407_20260829_011925,dde0486690551a5cef037bc6c9c3790222801f8e
20,8765,v5_h20_seed8765_20260829_011932,dde0486690551a5cef037bc6c9c3790222801f8e
20,9999,v5_h20_seed9999_20260829_011942,dde0486690551a5cef037bc6c9c3790222801f8e
